1704.03549v4.pdf	FSNS - Test
1712.05404.pdf	FSNS - Test
1702.03970v1.pdf	FSNS - Test
1908.03826v1.pdf	GoPro
1905.02716v1.pdf	REDS
1711.07064v4.pdf	REDS
2005.12661v1.pdf	STATS SportVu NBA [ATK]
1912.06445v3.pdf	ForkingPaths
1904.09507v2.pdf	Stanford Drone
2004.02022v2.pdf	Stanford Drone
2003.08111v2.pdf	ETH/UCY
2002.11927v3.pdf	ETH/UCY
1902.03748v3.pdf	ETH/UCY
2003.10432v2.pdf	ScanNet
1909.05483v1.pdf	NYU-Depth V2
2005.09623v1.pdf	NYU-Depth V2
1908.09999v1.pdf	NYU-Depth V2
2004.10178v1.pdf	S&P 500
1912.00536v1.pdf	Citeseer (nonstandard variant)
1905.01669v2.pdf	Alibaba-S
1804.00891v2.pdf	Cora
1905.08509v4.pdf	Cora
1910.02548v1.pdf	Cora
1802.04407v2.pdf	Cora
1811.02798v1.pdf	Cora
1611.07308v1.pdf	Cora
1901.10234v2.pdf	IMDb
1902.06684v1.pdf	Yelp
1906.12330v1.pdf	Citeseer (biased eu.tib.sre.evaluation)
1809.10851v2.pdf	Citeseer (biased eu.tib.sre.evaluation)
2005.00545.pdf	YAGO3-10
1806.07297v1.pdf	YAGO3-10
1911.09419v2.pdf	YAGO3-10
1911.00219v2.pdf	YAGO3-10
2008.04548v1.pdf	YAGO3-10
1906.00687v1.pdf	YAGO3-10
1707.01476v6.pdf	YAGO3-10
1811.00839v2.pdf	Wiki-Vote
1912.04616v2.pdf	OpenBioLink
2004.04926v1.pdf	ICEWS05-15
1903.12287v3.pdf	LiveJournal
1803.07828v2.pdf	AKSW-bib
1904.11682v3.pdf	WN18
1904.10281v3.pdf	WN18
1902.10197v1.pdf	WN18
1901.09590v2.pdf	WN18
1808.07018v5.pdf	WN18
1909.11864v1.pdf	WN18
1905.10702v8.pdf	WN18
1903.00757v1.pdf	WN18
1811.01062v2.pdf	WN18
1510.04935v2.pdf	WN18
1908.07141v1.pdf	WN18
1711.04071v3.pdf	WN18
1705.02426v2.pdf	WN18
1802.04868v2.pdf	WN18
1606.06357v1.pdf	WN18
1812.06410v2.pdf	WN18
1610.09369v1.pdf	WN18
1412.6575v4.pdf	WN18
1703.10316v4.pdf	WN18
1907.01068v1.pdf	WN18
1908.11513v1.pdf	NELL-995
1707.06690v3.pdf	NELL-995
2002.01680v2.pdf	Last.FM
1811.04588v1.pdf	YAGO39K
1910.11583v1.pdf	 FB15k
1702.06879v2.pdf	 FB15k
1906.01195v1.pdf	FB15k-237
1808.04122v3.pdf	FB15k-237
1911.04910v3.pdf	FB15k-237
1811.04441v2.pdf	FB15k-237
1911.04053v2.pdf	FB15k-237
1911.03082v2.pdf	FB15k-237
1905.09791v3.pdf	FB15k-237
1911.03903v3.pdf	FB15k-237
1909.03193v2.pdf	FB15k-237
1711.11231v1.pdf	YAGO37
1705.08039v2.pdf	WordNet
1910.12933v1.pdf	PPI
1808.08644v1.pdf	WN18RR
1712.02121v2.pdf	WN18RR
1802.04394v5.pdf	WN18RR
2002.00743v2.pdf	MUSE en-pt
1710.04087v3.pdf	en-es
1807.02758v2.pdf	Set5 - 4x upscaling
1906.01704.pdf	SEED-IV
1907.07835v4.pdf	SEED-IV
1910.06809v3.pdf	COCO-Stuff Labels-to-Photos
1903.07291v2.pdf	COCO-Stuff Labels-to-Photos
1707.09405v1.pdf	COCO-Stuff Labels-to-Photos
1711.11585v2.pdf	COCO-Stuff Labels-to-Photos
1804.10992v1.pdf	COCO-Stuff Labels-to-Photos
1512.03385v1.pdf	GTAV-to-Cityscapes Labels
1904.10620v1.pdf	GTAV-to-Cityscapes Labels
1409.1556v6.pdf	GTAV-to-Cityscapes Labels
1711.09020v3.pdf	RaFD
1610.05586v2.pdf	RaFD
1703.10593v7.pdf	RaFD
1611.06355v1.pdf	RaFD
1611.07004v3.pdf	Aerial-to-Map
1704.02510v4.pdf	Aerial-to-Map
2004.05571v1.pdf	Deep-Fashion
1606.07536v2.pdf	Cityscapes Labels-to-Photo
1612.07828v2.pdf	Cityscapes Labels-to-Photo
1606.00704v3.pdf	Cityscapes Labels-to-Photo
1911.11357v1.pdf	Cityscapes Labels-to-Photo
1711.03213v3.pdf	SYNTHIA Fall-to-Winter
1612.02649v1.pdf	SYNTHIA Fall-to-Winter
1908.09547v1.pdf	SYNTHIA-to-Cityscapes
2007.09222v1.pdf	SYNTHIA-to-Cityscapes
2006.08696v2.pdf	SYNTHIA-to-Cityscapes
1908.09822v3.pdf	SYNTHIA-to-Cityscapes
1903.04064v1.pdf	SYNTHIA-to-Cityscapes
1811.12833v2.pdf	SYNTHIA-to-Cityscapes
1802.10349v3.pdf	SYNTHIA-to-Cityscapes
1901.05427v4.pdf	SYNTHIA-to-Cityscapes
1910.13049v2.pdf	SYNTHIA-to-Cityscapes
1904.01886v3.pdf	SYNTHIA-to-Cityscapes
1903.12212v1.pdf	SYNTHIA-to-Cityscapes
1812.09953v3.pdf	SYNTHIA-to-Cityscapes
1707.09465v5.pdf	SYNTHIA-to-Cityscapes
1907.10830v4.pdf	portrait2photo
1908.03047v1.pdf	KITTI Object Tracking Evaluation 2012
1912.01865v2.pdf	AFHQ
2008.05763v1.pdf	horse2zebra
1910.11319v1.pdf	Cityscapes-to-Foggy Cityscapes
1905.05396v1.pdf	Cityscapes-to-Foggy Cityscapes
1803.03243v1.pdf	Cityscapes-to-Foggy Cityscapes
2004.02088v2.pdf	selfie-to-anime
1608.06019v1.pdf	Synth Objects-to-LINEMOD
1911.07982v1.pdf	Office-Caltech
1807.07258v2.pdf	Office-Caltech
1903.10601v2.pdf	Office-Caltech
1502.02791v2.pdf	Office-Caltech
1705.05498v1.pdf	Office-Caltech
1412.3474v1.pdf	Office-Caltech
1510.04373v2.pdf	Office-Caltech
1612.01939v1.pdf	Office-Caltech
2006.12770v5.pdf	ImageCLEF-DA
2001.00153v1.pdf	ImageCLEF-DA
2002.01690v1.pdf	ImageCLEF-DA
1811.07456v2.pdf	ImageCLEF-DA
1909.08531v1.pdf	ImageCLEF-DA
1906.03502v2.pdf	ImageCLEF-DA
1904.01376v2.pdf	ImageCLEF-DA
1903.09980v2.pdf	ImageCLEF-DA
1904.01341v1.pdf	ImageCLEF-DA
1911.12983v1.pdf	ImageCLEF-DA
1905.10861v5.pdf	UCF-to-HMDBfull
1605.06636v2.pdf	UCF-to-HMDBfull
1409.7495v2.pdf	UCF-to-HMDBfull
1712.02560v4.pdf	UCF-to-HMDBfull
2002.08546v4.pdf	Office-Home
1907.08375v1.pdf	Office-Home
1505.07818v4.pdf	Synth Digits-to-SVHN
1511.05547v2.pdf	Synth Digits-to-SVHN
1911.12796v2.pdf	USPS-to-MNIST
1909.07618v1.pdf	USPS-to-MNIST
1705.10667v4.pdf	USPS-to-MNIST
1905.10748v3.pdf	USPS-to-MNIST
1702.05464v1.pdf	MNIST-to-USPS
1811.08585v2.pdf	SVHN-to-MNIST
1705.08824v2.pdf	SVHN-to-MNIST
1708.00938v1.pdf	SYNSIG-to-GTSRB
1901.00976v2.pdf	Office-31
1904.02322v2.pdf	Office-31
2005.05432v2.pdf	Office-31
1911.12036v2.pdf	Office-31
1704.01705v4.pdf	Office-31
1809.02176v1.pdf	Office-31
2004.11262.pdf	Office-31
1907.10628v2.pdf	Office-31
1907.12743v6.pdf	HMDB --> UCF (full)
1910.05562v1.pdf	VisDA2017
2005.09629v1.pdf	LibriSpeech test-other
2005.09267v1.pdf	LibriSpeech test-other
1911.08460v3.pdf	LibriSpeech test-other
2005.10469v1.pdf	LibriSpeech test-other
1905.03072v3.pdf	LibriSpeech test-other
1909.06317v2.pdf	LibriSpeech test-other
1904.08779v3.pdf	LibriSpeech test-other
1910.00716v1.pdf	LibriSpeech test-other
1904.03288v3.pdf	LibriSpeech test-other
1909.08723v3.pdf	LibriSpeech test-other
1812.06864v2.pdf	LibriSpeech test-other
1512.02595v1.pdf	LibriSpeech test-other
2002.10336v1.pdf	LibriSpeech test-other
1805.10190v3.pdf	LibriSpeech test-other
1902.01955v2.pdf	LibriSpeech test-clean
1805.03294v1.pdf	LibriSpeech test-clean
1712.09444v2.pdf	LibriSpeech test-clean
1712.07101v1.pdf	LibriSpeech test-clean
1811.07453v2.pdf	LibriSpeech test-clean
2006.11477v1.pdf	Libri-Light test-clean
1912.07875v1.pdf	Libri-Light test-clean
2005.14578v1.pdf	Libri-Light test-clean
1703.02136v1.pdf	swb_hub_500 WER fullSWBCH
1609.03528v2.pdf	swb_hub_500 WER fullSWBCH
1604.08242v2.pdf	swb_hub_500 WER fullSWBCH
1412.5567v2.pdf	swb_hub_500 WER fullSWBCH
1406.7806v2.pdf	swb_hub_500 WER fullSWBCH
1610.05256v2.pdf	Switchboard + Hub500
1505.05899v1.pdf	Switchboard + Hub500
1509.08967v2.pdf	Switchboard + Hub500
1504.01482v1.pdf	WSJ eval92
1803.10225v1.pdf	TIMIT
1603.00223v2.pdf	TIMIT
1506.07503v1.pdf	TIMIT
1303.5778v1.pdf	TIMIT
1806.07789v1.pdf	TIMIT
1704.00784v2.pdf	TIMIT
1907.01914v1.pdf	TIMIT
1911.03894v3.pdf	Sequoia Treebank
1908.08676v3.pdf	UD
1711.04903v2.pdf	UD
1604.05529v3.pdf	UD
1705.05952v2.pdf	UD
1805.08237v1.pdf	Penn Treebank
1508.02096v2.pdf	Penn Treebank
1809.08370v1.pdf	Penn Treebank
1911.03822v2.pdf	Penn Treebank
1810.12443v1.pdf	Penn Treebank
1703.06345v1.pdf	Penn Treebank
1603.01354v5.pdf	Penn Treebank
1805.02474v1.pdf	Penn Treebank
1709.04109v4.pdf	Penn Treebank
1806.05626v2.pdf	Penn Treebank
1704.07156v1.pdf	Penn Treebank
1611.04361v1.pdf	Penn Treebank
1904.03446v3.pdf	CMUDict 0.7b
1809.08895v3.pdf	LJSpeech
1905.09263v5.pdf	LJSpeech
2005.05957v3.pdf	LJSpeech
1904.05947v1.pdf	MuPoTS-3D
1712.03453v3.pdf	MuPoTS-3D
1907.11346.pdf	MuPoTS-3D
1907.11346v2.pdf	MuPoTS-3D
2004.06870v1.pdf	DocRED
2005.06312v3.pdf	DocRED
2003.12754v1.pdf	DocRED
1909.11898v1.pdf	DocRED
1906.06127v3.pdf	DocRED
1904.03296v1.pdf	WLPC
1906.03158v1.pdf	TACRED
1909.04164v2.pdf	TACRED
2004.03636.pdf	TACRED
1907.10529v3.pdf	TACRED
1905.08284v1.pdf	TACRED
1809.10185v1.pdf	TACRED
1906.07510v7.pdf	TACRED
1905.07129v3.pdf	TACRED
1904.05255v1.pdf	TACRED
1906.03088v1.pdf	TACRED
1902.07153v2.pdf	TACRED
1909.04273v3.pdf	NYT-single
1706.05075v1.pdf	NYT-single
2004.03786v1.pdf	NYT
1909.03227v4.pdf	NYT
1911.09886v1.pdf	NYT
1911.10438v1.pdf	NYT
1905.05529v4.pdf	ACE 2004
1601.00770v3.pdf	ACE 2004
1808.06876v3.pdf	ACE 2004
1804.07847v3.pdf	ACE 2004
1906.05474v2.pdf	2010 i2b2/VA
1903.10676v3.pdf	ChemProt
1901.08746v4.pdf	ChemProt
1909.07755v3.pdf	CoNLL04
1812.11275v1.pdf	CoNLL04
1905.07458v4.pdf	CoNLL04
1902.01030v2.pdf	SemEval-2010 Task 8
1901.08163v1.pdf	SemEval-2010 Task 8
1612.04460v2.pdf	Medical domain
1907.08610v2.pdf	CIFAR-10 ResNet-18 - 200 Epochs
1611.07828v2.pdf	HumanEva-I
1705.03098v2.pdf	HumanEva-I
1611.09010v1.pdf	HumanEva-I
1509.06720v2.pdf	HumanEva-I
2004.03143v1.pdf	Surreal
1804.04875v3.pdf	Surreal
1712.01337v1.pdf	Surreal
1912.05656v3.pdf	3DPW
2008.03713.pdf	3DPW
1909.12828v1.pdf	3DPW
1908.07172v2.pdf	3DPW
1712.06584v2.pdf	3DPW
1905.07718v1.pdf	Geometric Pose Affordance 
1704.02447v2.pdf	Geometric Pose Affordance 
2003.11163v2.pdf	Total Capture
1912.04071v1.pdf	Total Capture
1909.01203v1.pdf	Total Capture
1807.01511v1.pdf	Total Capture
1602.00134v4.pdf	Total Capture
1809.06079v1.pdf	CHALL H80K
1806.01484v2.pdf	MPI-INF-3DHP
2002.10322v3.pdf	MPI-INF-3DHP
1907.00837v2.pdf	MPI-INF-3DHP
1902.09868v2.pdf	MPI-INF-3DHP
2003.03473v1.pdf	MPI-INF-3DHP
1705.01583v1.pdf	MPI-INF-3DHP
1904.05512v1.pdf	MPI-INF-3DHP
1904.04812v1.pdf	MPI-INF-3DHP
1803.09722v2.pdf	MPI-INF-3DHP
1905.05754v1.pdf	Human3.6M
2005.04551v1.pdf	Human3.6M
1907.06968v1.pdf	Human3.6M
1904.05547v1.pdf	Human3.6M
1904.03345v3.pdf	Human3.6M
1908.09464v1.pdf	Human3.6M
1805.04095v1.pdf	Human3.6M
1908.08289v1.pdf	Human3.6M
1811.11742v2.pdf	Human3.6M
1904.01324v2.pdf	Human3.6M
1910.00116v2.pdf	Human3.6M
1908.03030v1.pdf	Human3.6M
1711.09250v2.pdf	Human3.6M
1808.01525v1.pdf	Human3.6M
1809.04987v3.pdf	Human3.6M
1808.09316v2.pdf	Human3.6M
1704.04793v1.pdf	Human3.6M
1801.07455v2.pdf	Human3.6M
1812.01598v1.pdf	Human3.6M
1808.05942v1.pdf	Human3.6M
1905.04266v1.pdf	Human3.6M
1711.08585v4.pdf	Human3.6M
1406.2282v1.pdf	Human3.6M
1805.04092v1.pdf	Human3.6M
1903.02330v2.pdf	Human3.6M
1701.02468v3.pdf	Human3.6M
1701.00295v4.pdf	Human3.6M
1511.09439v2.pdf	Human3.6M
1905.03244v1.pdf	Human3.6M
1504.08200.pdf	Human3.6M
1911.13175v3.pdf	MIT-Adobe 5k
1811.08747v2.pdf	DID-MDN
1606.02891v2.pdf	WMT2016 Czech-English
1907.06616v1.pdf	WMT2019 English-German
1901.10430v2.pdf	WMT 2017 English-Chinese
1803.05567v2.pdf	WMT 2017 English-Chinese
1907.00494v1.pdf	WMT2019 Finnish-English
1909.02480v3.pdf	WMT2014 German-English
1802.06901v3.pdf	WMT2014 German-English
1711.02281v2.pdf	WMT2014 German-English
1809.01272v1.pdf	WMT2014 German-English
1910.13267v2.pdf	IWSLT2015 English-Vietnamese
1910.05895v2.pdf	IWSLT2015 English-Vietnamese
1911.07013v1.pdf	IWSLT2015 English-Vietnamese
1808.07374v2.pdf	IWSLT2015 English-Vietnamese
1905.02878v1.pdf	IWSLT2015 English-Vietnamese
1806.03692v1.pdf	IWSLT2015 English-Vietnamese
2008.00623v1.pdf	WMT2016 English-French
1804.07755v2.pdf	WMT2016 English-Russian
2003.09229v1.pdf	WMT 2014 EN-DE
1911.04070v1.pdf	IWSLT2015 Chinese-English
1906.03805v2.pdf	IWSLT2015 German-English
1808.03867v3.pdf	IWSLT2015 German-English
1809.06858v2.pdf	IWSLT2015 German-English
1711.04956v5.pdf	IWSLT2015 German-English
1705.03122v3.pdf	IWSLT2015 German-English
1611.02344v3.pdf	IWSLT2015 German-English
1706.05565v8.pdf	IWSLT2015 German-English
1607.07086v3.pdf	IWSLT2015 German-English
1711.01068v2.pdf	IWSLT2015 German-English
1409.0473v7.pdf	IWSLT2015 German-English
1606.02960v2.pdf	IWSLT2015 German-English
1511.06732v7.pdf	IWSLT2015 German-English
1611.01576v2.pdf	IWSLT2015 German-English
1709.07809v1.pdf	20NEWS
1508.04025v5.pdf	20NEWS
1508.07909v5.pdf	WMT2015 English-Russian
1606.07947v4.pdf	IWSLT2015 Thai-English
2003.03977v1.pdf	IWSLT2014 German-English
2006.10270v2.pdf	IWSLT2014 German-English
1905.06596v1.pdf	IWSLT2014 German-English
2002.03184v2.pdf	IWSLT2014 German-English
1706.03762v5.pdf	IWSLT2014 German-English
1807.03756v2.pdf	IWSLT2014 German-English
1901.07291v1.pdf	WMT2016 Romanian-English
1905.11006v2.pdf	WMT2016 Romanian-English
1810.08392v1.pdf	WMT 2018 Finnish-English
1606.02892v2.pdf	WMT2016 English-German
1910.04209v1.pdf	WMT2016 English-German
1804.08313v2.pdf	WMT2016 English-German
1804.09057v1.pdf	WMT2016 English-German
1711.00043v2.pdf	WMT2016 English-German
1808.09381v2.pdf	WMT2014 English-German
1910.10683v3.pdf	WMT2014 English-German
2002.06823v1.pdf	WMT2014 English-German
1911.01986v3.pdf	WMT2014 English-German
2008.07772v1.pdf	WMT2014 English-German
1907.01968v1.pdf	WMT2014 English-German
1901.11117v4.pdf	WMT2014 English-German
1809.09296v2.pdf	WMT2014 English-German
1806.00187v3.pdf	WMT2014 English-German
1905.04847v1.pdf	WMT2014 English-German
1803.02155v2.pdf	WMT2014 English-German
1811.08541v1.pdf	WMT2014 English-German
1711.02132v1.pdf	WMT2014 English-German
1807.03819v3.pdf	WMT2014 English-German
1906.01604v1.pdf	WMT2014 English-German
1804.09849v2.pdf	WMT2014 English-German
2005.00743v1.pdf	WMT2014 English-German
1709.02755v5.pdf	WMT2014 English-German
1905.05513v2.pdf	WMT2014 English-German
1609.08144v2.pdf	WMT2014 English-German
1706.03059v2.pdf	WMT2014 English-German
1701.06538v1.pdf	WMT2014 English-German
1806.00722v2.pdf	WMT2014 English-German
1610.10099v2.pdf	WMT2014 English-German
1606.04199v3.pdf	WMT2014 English-German
1607.04315v3.pdf	WMT2014 English-German
1603.06147v4.pdf	WMT2015 English-German
1710.11041v2.pdf	WMT2015 English-German
1710.03743v1.pdf	WMT 2017 Latvian-English
1808.02733v1.pdf	WMT 2017 Latvian-English
1410.8206v4.pdf	WMT2014 English-French
1409.3215v3.pdf	WMT2014 English-French
1406.1078v3.pdf	WMT2014 English-French
1409.2329v5.pdf	WMT2014 English-French
1610.08613v2.pdf	WMT2014 English-French
1906.02849v3.pdf	HSVM
1911.07069v1.pdf	Kvasir-SEG
1911.07067v1.pdf	Kvasir-SEG
2006.04868v2.pdf	2015 MICCAI Polyp Detection
1912.05074v2.pdf	EM
1909.00166v1.pdf	DRIVE
1903.02740v1.pdf	ISBI 2012 EM Segmentation
1505.04597v1.pdf	ISBI 2012 EM Segmentation
1804.02967v2.pdf	iSEG 2017 Challenge
1904.00284v4.pdf	CelebA 128 x 128
1910.04302v1.pdf	CelebA 128 x 128
1912.04958v2.pdf	LSUN Horse 256 x 256
1903.06048v4.pdf	LSUN Churches 256 x 256
1710.10196v3.pdf	LSUN Churches 256 x 256
2006.11239v1.pdf	LSUN Churches 256 x 256
1905.10485v2.pdf	Fashion-MNIST
2007.00674v1.pdf	Fashion-MNIST
2006.05479.pdf	Fashion-MNIST
1711.06491v12.pdf	CelebA 64x64
1811.11155v2.pdf	Stanford Dogs
1606.03657v1.pdf	Stanford Dogs
1703.01560v3.pdf	Stanford Dogs
1812.04948v3.pdf	LSUN Bedroom 256 x 256
1904.05408v2.pdf	LSUN Bedroom 256 x 256
1706.08500v6.pdf	LSUN Bedroom 256 x 256
1802.04591v2.pdf	LSUN Bedroom 256 x 256
1811.11212v2.pdf	LSUN Bedroom 256 x 256
1710.10916v3.pdf	LSUN Bedroom 256 x 256
2006.12486v3.pdf	Binarized MNIST
1601.06759v3.pdf	Binarized MNIST
1406.1485v3.pdf	Binarized MNIST
1502.03509v2.pdf	Binarized MNIST
1310.1757v2.pdf	Binarized MNIST
1906.02735v6.pdf	MNIST
1907.07945v2.pdf	MNIST
1811.00995v3.pdf	MNIST
2007.06418v2.pdf	CIFAR-10
2006.10738v2.pdf	CIFAR-10
2007.09180v1.pdf	CIFAR-10
1911.06997v2.pdf	CIFAR-10
1908.03835v1.pdf	CIFAR-10
1907.05681v3.pdf	CIFAR-10
1910.12027v2.pdf	CIFAR-10
1809.11096v2.pdf	CIFAR-10
1812.09916v4.pdf	CIFAR-10
1803.08887v3.pdf	CIFAR-10
1906.04659v3.pdf	CIFAR-10
1802.05957v1.pdf	CIFAR-10
1805.11565v4.pdf	CIFAR-10
1907.05600v2.pdf	CIFAR-10
1807.00734v3.pdf	CIFAR-10
1910.06922v1.pdf	CIFAR-10
1903.05628v6.pdf	CIFAR-10
1704.00028v3.pdf	CIFAR-10
1909.13188v4.pdf	CIFAR-10
1709.07359v2.pdf	CIFAR-10
1906.09453v2.pdf	CIFAR-10
1702.01691v2.pdf	CIFAR-10
1606.03498v1.pdf	CIFAR-10
1611.01673v3.pdf	CIFAR-10
1703.10717v4.pdf	CIFAR-10
1712.09763v1.pdf	CIFAR-10
1802.05751v3.pdf	CIFAR-10
1908.09948v1.pdf	CIFAR-10
2007.03898v1.pdf	CIFAR-10
1701.05517v1.pdf	CIFAR-10
1901.01498v1.pdf	CIFAR-10
1611.02731v2.pdf	CIFAR-10
2002.09741v2.pdf	CIFAR-10
1606.05328v2.pdf	CIFAR-10
2002.07101v1.pdf	CIFAR-10
1902.00275v2.pdf	CIFAR-10
1902.02102v3.pdf	CIFAR-10
1902.04208v5.pdf	CIFAR-10
1807.03039v2.pdf	CIFAR-10
1802.04920v2.pdf	CIFAR-10
1506.03478v2.pdf	CIFAR-10
1605.08803v3.pdf	CIFAR-10
1604.08772v1.pdf	CIFAR-10
1502.04623v2.pdf	CIFAR-10
1410.8516v6.pdf	CIFAR-10
1904.06991v3.pdf	FFHQ
1812.01608v1.pdf	ImageNet 32x32
1709.03831v1.pdf	STL-10
2003.05997v2.pdf	ImageNet 64x64
1612.08185v4.pdf	ImageNet 64x64
1703.03664v1.pdf	ImageNet 64x64
1904.07223v2.pdf	Market-1501->DukeMTMC-reID
1712.02225v6.pdf	Market-1501->DukeMTMC-reID
2006.04569v1.pdf	Market-1501->DukeMTMC-reID
1912.05295v1.pdf	MARS
2007.04174v1.pdf	MARS
1908.01683v1.pdf	MARS
1703.07737v4.pdf	MARS
1908.03885v3.pdf	MARS
1711.10378v2.pdf	MARS
1903.00535v1.pdf	MARS
1812.03282v1.pdf	DukeMTMC-reID
1912.01300v1.pdf	DukeMTMC-reID
2007.07875v1.pdf	DukeMTMC-reID
1903.09776v4.pdf	DukeMTMC-reID
1903.07071v3.pdf	DukeMTMC-reID
1904.11397v2.pdf	DukeMTMC-reID
1811.12150v1.pdf	DukeMTMC-reID
1807.05618v1.pdf	DukeMTMC-reID
2001.07442v1.pdf	DukeMTMC-reID
1910.07038v3.pdf	DukeMTMC-reID
1805.08805v3.pdf	DukeMTMC-reID
1910.12003v2.pdf	DukeMTMC-reID
1906.08332v2.pdf	DukeMTMC-reID
1908.01114v3.pdf	DukeMTMC-reID
1804.01438v3.pdf	DukeMTMC-reID
1904.00244v1.pdf	DukeMTMC-reID
1804.05275v4.pdf	DukeMTMC-reID
1905.00953v6.pdf	DukeMTMC-reID
1910.10111v1.pdf	DukeMTMC-reID
1711.09349v3.pdf	DukeMTMC-reID
1810.02936v2.pdf	DukeMTMC-reID
1708.04896v2.pdf	DukeMTMC-reID
1808.06281v5.pdf	DukeMTMC-reID
1711.10295v2.pdf	DukeMTMC-reID
1703.05693v4.pdf	DukeMTMC-reID
1608.06993v5.pdf	DukeMTMC-reID
1703.07220v3.pdf	DukeMTMC-reID
1707.00408v1.pdf	DukeMTMC-reID
1801.04381v4.pdf	DukeMTMC-reID
1611.05666v2.pdf	DukeMTMC-reID
1707.01083v2.pdf	DukeMTMC-reID
1903.06325v2.pdf	DukeMTMC-reID
1604.01850v3.pdf	DukeMTMC-reID
1701.07717v5.pdf	DukeMTMC-reID
1610.02984v1.pdf	DukeMTMC-reID
1706.02413v1.pdf	DukeMTMC-reID
1906.01308v1.pdf	DukeMTMC-reID
1711.07027v3.pdf	DukeMTMC-reID
1406.4216v2.pdf	DukeMTMC-reID
1705.10444v2.pdf	DukeMTMC-reID
1711.08184v2.pdf	Market-1501
1804.00216v1.pdf	Market-1501
1803.10859v1.pdf	Market-1501
1709.04329v1.pdf	Market-1501
1707.00798v2.pdf	Market-1501
1901.00392v2.pdf	Market-1501
1703.08359v1.pdf	Market-1501
1705.04724v2.pdf	Market-1501
1701.08398v4.pdf	Market-1501
1709.08325v1.pdf	Market-1501
1707.07256v1.pdf	Market-1501
1710.06555v1.pdf	Market-1501
1607.08378v2.pdf	Market-1501
1603.02139v1.pdf	Market-1501
1708.08062v2.pdf	Market-1501
1603.00370v2.pdf	Market-1501
1707.06777v1.pdf	CUHK-SYSU
1610.05047v2.pdf	CUHK-SYSU
1811.07130v2.pdf	CUHK03 labeled
1802.08122v1.pdf	CUHK03 labeled
1808.07301v1.pdf	PRID2011
1709.09297v1.pdf	PRID2011
1809.02874v1.pdf	PRID2011
1804.10094v1.pdf	PRID2011
1904.03579v1.pdf	CUHK03
2003.07618.pdf	MSMT17
1810.12193v3.pdf	CUHK03 detected
1601.03333v1.pdf	BioEye
1905.03678v1.pdf	300W
1811.11187v1.pdf	Scan2CAD
1603.08182v3.pdf	Scan2CAD
1808.00758v2.pdf	Data3D−R2N2
1612.00603v2.pdf	Data3D−R2N2
1703.09438v3.pdf	Data3D−R2N2
1604.00449v1.pdf	Data3D−R2N2
1909.01174v1.pdf	MUSDB18
1809.07454v3.pdf	MUSDB18
2002.07016v1.pdf	MUSDB18
1810.12187v2.pdf	MUSDB18
1806.03185v1.pdf	MUSDB18
1911.06644v4.pdf	J-HMDB-21
1705.08421v4.pdf	J-HMDB-21
1705.01861v3.pdf	J-HMDB-21
1604.07279v1.pdf	J-HMDB-21
1911.11462v2.pdf	ActivityNet-1.3
1907.09702v1.pdf	ActivityNet-1.3
1703.02716v1.pdf	ActivityNet-1.3
1909.03252v1.pdf	ActivityNet-1.3
1806.02964v3.pdf	ActivityNet-1.3
1908.08216v2.pdf	ActivityNet-1.3
1804.07667v1.pdf	ActivityNet-1.3
1703.07814v2.pdf	ActivityNet-1.3
1906.03327v2.pdf	CrossTask
1903.08225v2.pdf	CrossTask
1506.09215v4.pdf	CrossTask
1904.07442v1.pdf	THUMOS’14
1705.01180v1.pdf	THUMOS’14
2001.07793v1.pdf	THUMOS’14
1703.06189v2.pdf	THUMOS’14
1703.01515v2.pdf	THUMOS’14
1601.02129v2.pdf	THUMOS’14
1511.06984v2.pdf	THUMOS’14
1906.03509v3.pdf	CIFAR-10 model detecting CIFAR-10
1812.04606v3.pdf	CIFAR-10 model detecting CIFAR-10
1906.12340v2.pdf	CIFAR-10 model detecting CIFAR-10
1610.02136v3.pdf	CIFAR-10 model detecting CIFAR-10
1911.08623v1.pdf	Thyroid
1510.03336v4.pdf	Numenta Anomaly Benchmark
1607.02480v1.pdf	Numenta Anomaly Benchmark
2002.10107.pdf	CrowdSource QA
1909.08053v4.pdf	RACE
2001.09415v4.pdf	RACE
2006.03236v1.pdf	RACE
1906.08237v2.pdf	RACE
1907.11692v1.pdf	RACE
2003.14247v2.pdf	Mini-ImageNet - 1-Shot Learning
1906.03038v3.pdf	CUB-200 - 0-Shot Learning
2005.14165v4.pdf	MultiRC
1809.02040v1.pdf	COMPLEXQUESTIONS
1707.04412v1.pdf	COMPLEXQUESTIONS
1803.09074v1.pdf	RACE
1810.06683v3.pdf	QuAC
1901.02262v2.pdf	MS MARCO
1811.11374v1.pdf	MS MARCO
1805.02220v2.pdf	MS MARCO
1611.01603v6.pdf	MS MARCO
2002.03519v3.pdf	bAbi
1606.04582v6.pdf	bAbi
1612.03969v3.pdf	bAbi
1607.00036v2.pdf	bAbi
1503.08895v5.pdf	bAbi
1710.09537v1.pdf	bAbi
1706.02761v3.pdf	bAbi
1610.09027v1.pdf	bAbi
1711.08028v4.pdf	bAbi
1801.08459v2.pdf	bAbi
1906.08862v2.pdf	bAbi
1506.02075v1.pdf	WebQuestions
1406.3676v3.pdf	WebQuestions
1404.4326v1.pdf	WebQuestions
1606.01549v3.pdf	Children's Book Test
1607.04423v4.pdf	Children's Book Test
1603.01547v2.pdf	Children's Book Test
1606.02270v2.pdf	Children's Book Test
1606.02245v4.pdf	Children's Book Test
2004.12934v1.pdf	SCDE
1810.04805v2.pdf	SQuAD1.1
1705.02798v6.pdf	SQuAD1.1
1802.05365v2.pdf	SQuAD1.1
1712.03556v2.pdf	SQuAD1.1
1711.07341v2.pdf	SQuAD1.1
1711.00106v2.pdf	SQuAD1.1
1707.09098v1.pdf	SQuAD1.1
1712.03609v4.pdf	SQuAD1.1
1710.10504v2.pdf	SQuAD1.1
1804.09541v1.pdf	SQuAD1.1
1809.03449v3.pdf	SQuAD1.1
1609.05284v3.pdf	SQuAD1.1
1703.00572v3.pdf	SQuAD1.1
1612.04211v1.pdf	SQuAD1.1
1703.04617v2.pdf	SQuAD1.1
1710.10723v2.pdf	SQuAD1.1
1611.01604v4.pdf	SQuAD1.1
1710.02772v1.pdf	SQuAD1.1
1708.00107v2.pdf	SQuAD1.1
1703.04816v3.pdf	SQuAD1.1
1611.01436v2.pdf	SQuAD1.1
1704.00051v2.pdf	SQuAD1.1
1704.07415v1.pdf	SQuAD1.1
1608.07905v2.pdf	SQuAD1.1
1810.09580v1.pdf	SQuAD1.1
1706.00286v3.pdf	SQuAD1.1
1610.09996v2.pdf	SQuAD1.1
1611.01724v2.pdf	SQuAD1.1
1905.07213v1.pdf	SQuAD1.1
2003.02645v2.pdf	YahooCQA
1707.07847v3.pdf	YahooCQA
1602.03609v1.pdf	YahooCQA
1511.06038v4.pdf	QASent
1412.1632v1.pdf	QASent
1405.4053v2.pdf	QASent
1808.05326v1.pdf	SWAG
2007.14062v1.pdf	WikiHop
1910.02610v1.pdf	WikiHop
1901.00603v2.pdf	WikiHop
1804.05922v1.pdf	WikiHop
1809.06309v3.pdf	WikiHop
1710.06481v2.pdf	WikiHop
1911.03631v2.pdf	HotpotQA
1905.06933v3.pdf	HotpotQA
2004.11546v1.pdf	CODAH
1904.04365v4.pdf	CODAH
2002.06071v2.pdf	FQuAD
1901.07696v2.pdf	JD Product Question Answer
1812.03593v5.pdf	CoQA
1809.10735v2.pdf	CoQA
1808.07042v2.pdf	CoQA
1911.02855v2.pdf	SQuAD1.1 dev
1909.10351v4.pdf	SQuAD1.1 dev
1910.01108v4.pdf	SQuAD1.1 dev
1910.13461v1.pdf	SQuAD1.1 dev
1904.00962v5.pdf	SQuAD1.1 dev
1811.04210v2.pdf	NewsQA
1801.08290v1.pdf	NewsQA
1805.08092v1.pdf	NewsQA
1603.08884v1.pdf	MCTest-500
1909.11942v6.pdf	SQuAD2.0 dev
1908.05147v3.pdf	SQuAD2.0 dev
1909.02209v3.pdf	SQuAD2.0 dev
1808.05759v5.pdf	SQuAD2.0 dev
1810.06638v1.pdf	SQuAD2.0 dev
1911.04118.pdf	TrecQA
1905.12897v2.pdf	TrecQA
1906.02829v1.pdf	TrecQA
1801.01641v2.pdf	TrecQA
2001.09694v2.pdf	SQuAD2.0
1907.12412v2.pdf	Quora Question Pairs
1908.00300v1.pdf	Quora Question Pairs
1805.09843v1.pdf	Quora Question Pairs
1901.08634v3.pdf	Natural Questions
1706.02596v3.pdf	TriviaQA
1703.02620v1.pdf	CNN / Daily Mail
1606.02858v2.pdf	CNN / Daily Mail
1506.03340v3.pdf	CNN / Daily Mail
1909.04849v1.pdf	NarrativeQA
1712.07040v1.pdf	NarrativeQA
1503.03244v1.pdf	SemEvalCQA
1606.03126v2.pdf	WikiQA
1602.07019v2.pdf	WikiQA
1809.01812v1.pdf	WikiQA
1901.09346v2.pdf	Mice Protein
1706.01427v1.pdf	CLEVR
1808.02632v1.pdf	CLEVR
1611.09978v1.pdf	Visual Genome (pairs)
1810.12440v2.pdf	HowmanyQA
1807.09956v2.pdf	VQA v2
1612.00837v3.pdf	VQA v2
2007.00398v1.pdf	DocVQA val
1907.03950v4.pdf	GQA test-std
1908.07490v3.pdf	GQA test-std
1902.09506v3.pdf	GQA test-std
1606.01847v3.pdf	COCO Visual Question Answering (VQA) real images 1.0 open ended
1711.06794v2.pdf	COCO Visual Question Answering (VQA) real images 1.0 open ended
1805.09701v2.pdf	COCO Visual Question Answering (VQA) real images 1.0 open ended
1606.03647v2.pdf	COCO Visual Question Answering (VQA) real images 1.0 open ended
1606.00061v5.pdf	COCO Visual Question Answering (VQA) real images 1.0 open ended
1606.01455v2.pdf	COCO Visual Question Answering (VQA) real images 1.0 open ended
1603.01417v1.pdf	COCO Visual Question Answering (VQA) real images 1.0 open ended
1603.02814v2.pdf	COCO Visual Question Answering (VQA) real images 1.0 open ended
1604.01485v1.pdf	COCO Visual Question Answering (VQA) real images 1.0 open ended
1511.02274v2.pdf	COCO Visual Question Answering (VQA) real images 1.0 open ended
1505.00468v7.pdf	COCO Visual Question Answering (VQA) real images 1.0 open ended
1511.05234v2.pdf	COCO Visual Question Answering (VQA) real images 1.0 open ended
1512.02167v2.pdf	COCO Visual Question Answering (VQA) real images 1.0 open ended
1909.11740v3.pdf	VCR (QA-R) test
1908.08530v4.pdf	VCR (QA-R) test
1908.03557v1.pdf	VCR (QA-R) test
1909.11874v1.pdf	Visual7W
2002.10698v3.pdf	MSVD-QA
2003.03186v2.pdf	MSVD-QA
1904.04357v1.pdf	MSVD-QA
1803.10906v1.pdf	MSVD-QA
1704.04497v3.pdf	MSVD-QA
2001.03615v2.pdf	VQA v2 test-std
2002.12204v3.pdf	VQA v2 test-std
1906.10770v1.pdf	VQA v2 test-std
1909.11059v3.pdf	VQA v2 test-std
1805.07932v2.pdf	VQA v2 test-std
1707.07998v3.pdf	VQA v2 test-std
1708.02711v1.pdf	VQA v2 test-std
1906.00513v3.pdf	VQA v2 test-std
1902.09487v1.pdf	VQA v2 test-std
1802.05766v1.pdf	VQA v2 test-std
1902.00038v2.pdf	VQA v2 test-std
1705.06676v1.pdf	VQA v2 test-std
2006.07214v1.pdf	VQA v2 test-std
1609.05600v2.pdf	COCO Visual Question Answering (VQA) abstract 1.0 multiple choice
1704.03162v2.pdf	VQA v1 test-dev
1611.00471v2.pdf	VQA v1 test-dev
1511.02799v4.pdf	VQA v1 test-dev
2004.06165v5.pdf	VQA v2 test-dev
1904.08920v2.pdf	VQA v2 test-dev
1704.05526v3.pdf	VQA v2 test-dev
1906.10169v2.pdf	VQA v2 test-dev
2003.06576v1.pdf	VQA-CP
1909.03683v1.pdf	VQA-CP
1905.09998v3.pdf	VQA-CP
1808.00300v1.pdf	VQA-CP
1905.12384v3.pdf	Paris StreetView
1909.00968v3.pdf	Paris StreetView
1806.03589v2.pdf	Places2 val
1801.07892v2.pdf	Places2 val
1907.08322v2.pdf	MIMIC-III
2004.01888v4.pdf	MOT20
1909.12605v2.pdf	MOT16
2006.14550.pdf	MOT16
1906.06618v3.pdf	MOT16
1811.07258v1.pdf	MOT16
1804.04555v1.pdf	MOT16
1705.08314v4.pdf	MOT16
1809.04427v1.pdf	MOT16
1504.02340v1.pdf	MOT16
1902.00749v1.pdf	MOT16
1801.04503v2.pdf	Shapes
1711.11343v4.pdf	AATLD Gesture Recognition
1909.12064v2.pdf	PhysioNet Challenge 2012
1909.07782v1.pdf	PhysioNet Challenge 2012
1907.03907v1.pdf	PhysioNet Challenge 2012
1606.01865v2.pdf	PhysioNet Challenge 2012
1805.03473v2.pdf	Physionet 2017 Atrial Fibrillation
1607.00148v2.pdf	Physionet 2017 Atrial Fibrillation
1811.00270v1.pdf	UT
1706.00931v1.pdf	UT
1411.4389v4.pdf	UT
1709.08624v2.pdf	EMNLP2017 WMT
1609.05473v6.pdf	EMNLP2017 WMT
1705.11001v3.pdf	EMNLP2017 WMT
1805.02473v3.pdf	LDC2016E25
1911.03705v2.pdf	CommonGen
1808.08703v3.pdf	CMU-SE
1901.05534v2.pdf	Yahoo Questions
1802.02550v7.pdf	Yahoo Questions
1702.08139v2.pdf	Yahoo Questions
1808.08795v1.pdf	DailyDialog
1810.02720v1.pdf	Django
1603.06744v2.pdf	Django
1804.09769v1.pdf	WikiSQL
1804.08338v1.pdf	WikiSQL
1803.02400v4.pdf	WikiSQL
1709.00103v7.pdf	WikiSQL
1705.07962v2.pdf	100 sleep nights of 8 caregivers
1805.04836v1.pdf	Android Repos
2007.06477v3.pdf	CLUTRR (k=3)
1901.00109v2.pdf	Circle Data
2003.01531v3.pdf	WSJ0-5mix
1811.02480v3.pdf	TCD-TIMIT corpus (mixed-speech)
2002.08933v2.pdf	wsj0-2mix
2007.13975.pdf	wsj0-2mix
2007.06833v1.pdf	wsj0-2mix
1910.06379v2.pdf	wsj0-2mix
1904.11148v1.pdf	wsj0-2mix
1910.09804v2.pdf	wsj0-2mix
1711.00541v2.pdf	wsj0-2mix
1508.04306v1.pdf	wsj0-2mix
1906.02361v1.pdf	CommonsenseQA
1909.02151v1.pdf	CommonsenseQA
1811.00937v2.pdf	CommonsenseQA
1909.04800v2.pdf	Visual Dialog  v0.9
1809.01816v1.pdf	Visual Dialog  v0.9
1806.02847v2.pdf	Winograd Schema Challenge
1805.06939v2.pdf	Event2Mind
1905.05677v3.pdf	SemEval 2007 Task 7
1811.00960v1.pdf	SemEval 2007 Task 7
1909.10430v2.pdf	SemEval 2007 Task 7
1603.07012v2.pdf	SemEval 2007 Task 7
1805.08028v2.pdf	SensEval 3 Task 1
1606.03568v2.pdf	SensEval 3 Lexical Sample
1802.09059v1.pdf	SensEval 3 Lexical Sample
1801.01900v1.pdf	Knowledge-based:
1901.11504v2.pdf	SciTail
1808.08762v2.pdf	SciTail
1801.00102v2.pdf	SciTail
1904.09223v1.pdf	XNLI Chinese
1806.05645v1.pdf	V-SNLI
1910.10683.pdf	MultiNLI
2006.11316v1.pdf	MultiNLI
1812.01840v2.pdf	MultiNLI
1804.07461v3.pdf	MultiNLI
1811.00706v1.pdf	MultiNLI
1804.00079v1.pdf	MultiNLI
1806.08730v1.pdf	MultiNLI
1809.02794v3.pdf	SNLI
1805.11360v2.pdf	SNLI
1802.05577v2.pdf	SNLI
1711.04289v3.pdf	SNLI
1709.04348v2.pdf	SNLI
1702.03814v3.pdf	SNLI
1609.06038v3.pdf	SNLI
1804.07888v2.pdf	SNLI
1408.5882v2.pdf	SNLI
1503.00075v3.pdf	SNLI
1808.07383v1.pdf	SNLI
1607.04492v2.pdf	SNLI
1809.02279v2.pdf	SNLI
1606.01933v2.pdf	SNLI
1404.2188v1.pdf	SNLI
1812.01216v1.pdf	SNLI
1804.07983v2.pdf	SNLI
1806.09828v1.pdf	SNLI
1801.10296v2.pdf	SNLI
1712.02047v1.pdf	SNLI
1601.06733v7.pdf	SNLI
1512.08849v2.pdf	SNLI
1707.02786v4.pdf	SNLI
1708.02312v2.pdf	SNLI
1902.09113v2.pdf	SNLI
1709.04696v3.pdf	SNLI
1708.01353v1.pdf	SNLI
1605.05573v2.pdf	SNLI
1605.09090v1.pdf	SNLI
1705.02364v5.pdf	SNLI
1509.06664v4.pdf	SNLI
1603.06021v3.pdf	SNLI
1512.08422v3.pdf	SNLI
1511.06361v6.pdf	SNLI
1908.01853v1.pdf	SNLI
1508.05326v1.pdf	SNLI
1809.05053v1.pdf	XNLI French
1904.09408.pdf	WikiText-2
1808.05908v4.pdf	WikiText-2
1708.08863v2.pdf	WikiText-2
1711.03953v4.pdf	WikiText-2
1709.07432v2.pdf	WikiText-2
1708.02182v1.pdf	WikiText-2
1808.10143v2.pdf	WikiText-2
1903.04167.pdf	WikiText-2
1903.04167v2.pdf	WikiText-2
1711.00066v4.pdf	WikiText-2
1707.05589v2.pdf	WikiText-2
1612.04426v1.pdf	WikiText-2
1611.01462v3.pdf	WikiText-2
1904.08378v1.pdf	Text8
1905.07799v2.pdf	Text8
1901.02860v3.pdf	Text8
1907.01470v1.pdf	Text8
1808.04444v2.pdf	Text8
1905.10347v1.pdf	Text8
1607.03474v5.pdf	Text8
1609.07959v3.pdf	Text8
1609.01704v7.pdf	Text8
1603.09025v5.pdf	Text8
1602.08210v3.pdf	Text8
2002.09402v2.pdf	enwik8
1911.03864v2.pdf	enwik8
1911.05507v1.pdf	enwik8
2004.05150v1.pdf	enwik8
1911.11423v2.pdf	enwik8
1909.01792v2.pdf	enwik8
1803.08240v1.pdf	enwik8
1705.08639v2.pdf	enwik8
1609.09106v4.pdf	enwik8
1308.0850v5.pdf	enwik8
1809.10853v3.pdf	One Billion Word
1811.02084v1.pdf	One Billion Word
1602.02410v2.pdf	One Billion Word
1612.08083v3.pdf	One Billion Word
1703.10722v3.pdf	One Billion Word
1312.3005v3.pdf	One Billion Word
1412.1454v2.pdf	One Billion Word
1910.06251v2.pdf	Penn Treebank (Word Level)
1810.06682v2.pdf	Penn Treebank (Word Level)
1805.09208v2.pdf	Penn Treebank (Word Level)
1806.09055v2.pdf	Penn Treebank (Word Level)
1909.01377v2.pdf	Penn Treebank (Word Level)
1802.03268v2.pdf	Penn Treebank (Word Level)
1611.01578v2.pdf	Penn Treebank (Word Level)
1512.05287v5.pdf	Penn Treebank (Word Level)
1803.01271v2.pdf	Penn Treebank (Word Level)
1907.05572v1.pdf	Penn Treebank (Word Level)
1803.04831v3.pdf	Penn Treebank (Character Level)
1911.11033v2.pdf	Penn Treebank (Character Level)
1911.00172v2.pdf	WikiText-103
1906.01702v1.pdf	WikiText-103
1803.10049v1.pdf	WikiText-103
1806.01822v2.pdf	WikiText-103
2005.08199v2.pdf	WikiText-103
2005.03215v1.pdf	VoxCeleb1
1709.03741v2.pdf	ToxCast
1509.09292v2.pdf	ToxCast
1905.12265v3.pdf	ToxCast
1903.02541v2.pdf	MUV
1909.13488v2.pdf	SIDER
2006.04804v2.pdf	BBBP
1905.13343v2.pdf	Tox21
1806.04449v1.pdf	Tox21
1706.02515v5.pdf	Tox21
1704.01212v2.pdf	QM9
1511.05493v4.pdf	QM9
1603.00856v3.pdf	QM9
1906.05168v3.pdf	egfr-inh
1907.11223v2.pdf	QED
1908.10432.pdf	CHB-MIT
1903.00179v2.pdf	HKU-IS
1708.02031v1.pdf	DUT-OMRON
1709.03082v8.pdf	20NEWS
1709.05206v1.pdf	ECG5000
1910.12948v1.pdf	ECG5000
1704.07221v1.pdf	RumourEval
1909.01955v2.pdf	CID
1705.09759v1.pdf	Cityscapes test
1904.13353v2.pdf	BSDS500
1612.02103v3.pdf	BIPED
1504.06375v2.pdf	BIPED
2007.14433v1.pdf	TrojAI Round 1
1812.03411v2.pdf	ImageNet
1904.00887v4.pdf	CIFAR-10
1909.04810v3.pdf	Cornell Grasp Dataset
1802.00520.pdf	Cornell Grasp Dataset
1611.08036v4.pdf	Cornell Grasp Dataset
1412.3128v2.pdf	Cornell Grasp Dataset
1804.05172.pdf	Cornell Grasp Dataset
1301.3592v6.pdf	Cornell Grasp Dataset
1901.10879v6.pdf	OIE2016
1812.06164v2.pdf	Recipe1M
1909.00105v1.pdf	Food.com
1611.01628v5.pdf	allrecipes.com
1907.12046v3.pdf	S3DIS Area5
1411.4038v2.pdf	SkyScapes-Lane
1812.01593v3.pdf	KITTI Semantic Segmentation
1911.11236v3.pdf	Semantic3D
1904.08889v2.pdf	Semantic3D
1711.09869v2.pdf	Semantic3D
1908.06295v1.pdf	Semantic3D
1804.03583v1.pdf	Semantic3D
1808.00495v1.pdf	Semantic3D
1710.07563v1.pdf	Semantic3D
1705.03428v1.pdf	Semantic3D
2001.08768.pdf	38-Cloud
2003.14142v1.pdf	COCO 2017
2005.10821v1.pdf	Cityscapes test
1909.11065v5.pdf	Cityscapes test
2004.02307v2.pdf	Cityscapes test
1911.10194v3.pdf	Cityscapes test
2003.11883v1.pdf	Cityscapes test
1909.07229v1.pdf	Cityscapes test
2004.08955v1.pdf	Cityscapes test
2003.05128v3.pdf	Cityscapes test
1907.05740v1.pdf	Cityscapes test
1809.04184v1.pdf	Cityscapes test
1808.03833v3.pdf	Cityscapes test
1904.01803v2.pdf	Cityscapes test
1802.02611v3.pdf	Cityscapes test
1901.02985v2.pdf	Cityscapes test
1712.02616v3.pdf	Cityscapes test
1909.06121v3.pdf	Cityscapes test
1809.00916v3.pdf	Cityscapes test
1904.04514v1.pdf	Cityscapes test
1809.02983v4.pdf	Cityscapes test
1811.11721v2.pdf	Cityscapes test
1706.05587v3.pdf	Cityscapes test
2004.01547v1.pdf	Cityscapes test
1908.07678v5.pdf	Cityscapes test
1612.01105v2.pdf	Cityscapes test
1909.02651v1.pdf	Cityscapes test
1804.09337v1.pdf	Cityscapes test
1803.10335v3.pdf	Cityscapes test
1811.11254v6.pdf	Cityscapes test
1808.00897v1.pdf	Cityscapes test
1611.10080v1.pdf	Cityscapes test
1705.07238v2.pdf	Cityscapes test
1803.06067v1.pdf	Cityscapes test
1702.08502v3.pdf	Cityscapes test
1903.08469v2.pdf	Cityscapes test
1611.06612v3.pdf	Cityscapes test
1905.02244v5.pdf	Cityscapes test
1908.01748v2.pdf	Cityscapes test
1611.08323v2.pdf	Cityscapes test
1605.02264v2.pdf	Cityscapes test
1504.01013v4.pdf	Cityscapes test
1912.10917v2.pdf	Cityscapes test
1904.02216v1.pdf	Cityscapes test
1912.06683v1.pdf	Cityscapes test
1906.09826v1.pdf	Cityscapes test
1704.08545v2.pdf	Cityscapes test
1905.02423v3.pdf	Cityscapes test
1606.00915v2.pdf	Cityscapes test
1902.04502v1.pdf	Cityscapes test
1904.02365v2.pdf	Cityscapes test
1511.07122v3.pdf	Cityscapes test
1509.02634v2.pdf	Cityscapes test
1911.09099v4.pdf	Cityscapes test
1811.11431v3.pdf	Cityscapes test
1605.06211v1.pdf	Cityscapes test
1412.7062v4.pdf	Cityscapes test
1502.03240v3.pdf	Cityscapes test
1803.06815v3.pdf	Cityscapes test
1606.02147v1.pdf	Cityscapes test
1511.00561v3.pdf	Cityscapes test
1908.07919v2.pdf	CamVid
1611.09326v3.pdf	CamVid
1511.07053v3.pdf	CamVid
2006.11538v1.pdf	ADE20K val
1911.05250v2.pdf	ADE20K val
1803.08904v1.pdf	ADE20K val
1807.10221v1.pdf	ADE20K val
2006.08656v1.pdf	Cityscapes val
1912.08193v2.pdf	Cityscapes val
1807.10165v1.pdf	Cityscapes val
1805.04554v4.pdf	Cityscapes val
1906.03516v2.pdf	Cityscapes val
1903.11816v1.pdf	ADE20K
2003.13880v2.pdf	ADE20K
1910.09777v1.pdf	LIP val
1809.05996v3.pdf	LIP val
1804.01984v1.pdf	LIP val
1807.08260v2.pdf	LIP val
1703.05446v2.pdf	LIP val
2007.13138v1.pdf	ScanNet
1904.08755v4.pdf	ScanNet
1711.10275v1.pdf	ScanNet
1812.00020v2.pdf	ScanNet
1811.07246v2.pdf	ScanNet
1903.01177v2.pdf	ScanNet
1803.10409v1.pdf	ScanNet
1808.06840v1.pdf	ScanNet
1808.04952v2.pdf	ScanNet
1807.02443v1.pdf	ScanNet
1802.08275v4.pdf	ScanNet
1702.04405v2.pdf	ScanNet
2001.06902v5.pdf	NYU Depth v2
1810.03272v1.pdf	NYU Depth v2
2004.01800v2.pdf	NYU Depth v2
1809.04766v2.pdf	NYU Depth v2
1707.08254v3.pdf	NYU Depth v2
1711.08588v2.pdf	ShapeNet
1912.09654v1.pdf	ShapeNet
1809.05050v1.pdf	ShapeNet
1707.02968v2.pdf	PASCAL VOC 2007
2003.03773v2.pdf	GTAV-to-Cityscapes Labels
1912.11164v2.pdf	GTAV-to-Cityscapes Labels
2007.06888v1.pdf	S3DIS
2007.11679v1.pdf	S3DIS
1910.06849v2.pdf	S3DIS
1904.03751v2.pdf	S3DIS
1902.09852v2.pdf	S3DIS
2006.06882v1.pdf	PASCAL VOC 2012 val
1804.03821v1.pdf	PASCAL VOC 2012 val
1703.02719v1.pdf	PASCAL VOC 2012 val
1904.01169v2.pdf	PASCAL VOC 2012 val
1810.10804v3.pdf	PASCAL VOC 2012 val
1904.05044v3.pdf	PASCAL VOC 2012 val
1804.00880v1.pdf	PASCAL VOC 2012 val
1509.00552v2.pdf	COCO-Stuff test
1708.04943v1.pdf	PASCAL VOC 2012 test
1909.03402v4.pdf	PASCAL VOC 2012 test
1704.01344v1.pdf	PASCAL VOC 2012 test
1603.08358v4.pdf	PASCAL VOC 2012 test
1705.08790v2.pdf	PASCAL VOC 2012 test
1506.04579v2.pdf	PASCAL VOC 2012 test
1503.01640v2.pdf	PASCAL VOC 2012 test
1407.1808v1.pdf	PASCAL VOC 2012 test
1908.07919.pdf	PASCAL Context
1903.02120v3.pdf	PASCAL Context
1605.06885v1.pdf	PASCAL Context
1511.08119v4.pdf	PASCAL Context
1412.1283v4.pdf	PASCAL Context
1806.07564v2.pdf	Mall
1711.08488v2.pdf	KITTI Cars Moderate
1711.06396v1.pdf	KITTI Cars Moderate
1710.03476v1.pdf	LexNorm
1904.06100v1.pdf	LexNorm
1810.02245v1.pdf	CoNLL 2005
1901.05280v1.pdf	CoNLL 2005
1804.08199v3.pdf	CoNLL 2005
1805.04787v2.pdf	CoNLL 2005
1712.01586v1.pdf	OntoNotes
1803.11175v2.pdf	STS Benchmark
1908.10084v1.pdf	STS Benchmark
1910.07179v5.pdf	WikiSQL
1809.08887v5.pdf	spider
2005.08314v1.pdf	WikiTableQuestions
1909.04165v1.pdf	WikiTableQuestions
1805.04793v1.pdf	Geo
1704.07535v1.pdf	ATIS
1411.5379v3.pdf	ATIS
1807.01270v5.pdf	Unrestricted
1801.08831v1.pdf	Restricted
2005.12592v2.pdf	BEA-2019 (test)
1903.00138v3.pdf	CoNLL-2014 Shared Task
1908.07448v1.pdf	Universal Dependencies
1904.02099v3.pdf	Universal Dependencies
2005.00975v2.pdf	CoNLL-2009
1808.03731v2.pdf	GENIA - LAS
1805.01087v1.pdf	Penn Treebank
1611.01734v3.pdf	Penn Treebank
1807.03955v2.pdf	Penn Treebank
1603.06042v2.pdf	Penn Treebank
1609.07561v1.pdf	Penn Treebank
1506.06158v1.pdf	Penn Treebank
1603.04351v3.pdf	Penn Treebank
1603.03793v2.pdf	Penn Treebank
1905.06214v3.pdf	Pubmed
1609.04243v3.pdf	20NEWS
1608.04363v2.pdf	UrbanSound8k
1910.06278v1.pdf	COCO test-dev
1902.09212v1.pdf	COCO test-dev
1911.07524v1.pdf	COCO test-dev
1812.03595v3.pdf	COCO test-dev
1804.06208v2.pdf	COCO test-dev
1711.07319v2.pdf	COCO test-dev
1701.01779v2.pdf	COCO test-dev
1703.06870v3.pdf	COCO test-dev
1611.08050v2.pdf	COCO test-dev
1603.06937v2.pdf	FLIC Elbows
1711.07399v3.pdf	 ITOP front-view
1707.07248v1.pdf	 ITOP front-view
1603.07076v3.pdf	 ITOP front-view
1712.06316v4.pdf	UPenn Action
1703.10898v1.pdf	UPenn Action
1603.04037v2.pdf	UPenn Action
2001.08095v1.pdf	UPenn Action
1811.12596v1.pdf	DensePose-COCO
1802.00434v1.pdf	DensePose-COCO
1901.00148v4.pdf	COCO minival
2002.11098v1.pdf	MPII Human Pose
1902.07837v3.pdf	MPII Human Pose
1901.01760v1.pdf	MPII Human Pose
1803.09894v3.pdf	MPII Human Pose
1708.01101v1.pdf	MPII Human Pose
1705.00389v2.pdf	MPII Human Pose
1707.02439v2.pdf	MPII Human Pose
1702.07432v1.pdf	MPII Human Pose
1805.09707v1.pdf	MPII Human Pose
1808.02194v2.pdf	MPII Human Pose
1705.02407v2.pdf	MPII Human Pose
2004.12186v1.pdf	MPII Human Pose
1811.05419v2.pdf	MPII Human Pose
1711.08229v4.pdf	MPII Human Pose
1909.07068v3.pdf	MPII Human Pose
1609.01743v1.pdf	MPII Human Pose
1801.07372v2.pdf	MPII Human Pose
1808.06521v1.pdf	MPII Human Pose
1605.03170v3.pdf	MPII Human Pose
1904.02698v1.pdf	MPII Human Pose
1603.08212v1.pdf	MPII Human Pose
1511.06645v2.pdf	MPII Human Pose
1411.4280v3.pdf	MPII Human Pose
1710.02322v1.pdf	Leeds Sports Poses
1407.3399v2.pdf	Leeds Sports Poses
1908.10063v1.pdf	Financial PhraseBank
2003.00104v3.pdf	AJGT
1906.08101v2.pdf	ChnSentiCorp Dev
1904.12848.pdf	Yelp Fine-grained classification
1801.06146v5.pdf	Yelp Fine-grained classification
1602.02373v2.pdf	Yelp Fine-grained classification
1810.09177v3.pdf	Yelp Fine-grained classification
1901.01347v2.pdf	Yelp Fine-grained classification
1805.04174v1.pdf	Yelp Fine-grained classification
1607.01759v3.pdf	Yelp Fine-grained classification
1509.01626v3.pdf	Yelp Fine-grained classification
1901.09821v1.pdf	Yelp Fine-grained classification
1605.07725v3.pdf	IMDb
1412.1058v2.pdf	IMDb
1811.03873v1.pdf	IMDb
1707.01780v3.pdf	IMDb
1707.02377v1.pdf	IMDb
1806.01501v1.pdf	IMDb
1704.06125v1.pdf	SemEval
1805.05388v1.pdf	MR
1807.04990v1.pdf	MR
1804.00538v4.pdf	MR
1805.07340v2.pdf	MR
1906.00095v1.pdf	MR
1702.01417v2.pdf	MR
1809.05679v3.pdf	MR
1903.07785v1.pdf	SST-2 Binary classification
1910.03474v1.pdf	SST-2 Binary classification
1704.01444v2.pdf	SST-2 Binary classification
1812.01207v1.pdf	SST-2 Binary classification
1808.09315v1.pdf	SST-2 Binary classification
1611.06639v1.pdf	SST-2 Binary classification
1603.06318v6.pdf	SST-2 Binary classification
1506.07285v5.pdf	SST-2 Binary classification
1511.08630v2.pdf	SST-2 Binary classification
1908.06267v2.pdf	SST-2 Binary classification
1809.04505v1.pdf	SST-2 Binary classification
1902.09314v2.pdf	Twitter
1709.08294v3.pdf	Yelp Binary classification
1807.02291v1.pdf	Yelp Binary classification
1812.01527v2.pdf	SST-5 Fine-grained classification
1810.09311v1.pdf	Multi-Domain Sentiment Dataset
1804.09530v1.pdf	Multi-Domain Sentiment Dataset
1511.00830v6.pdf	Multi-Domain Sentiment Dataset
1702.08400v3.pdf	Multi-Domain Sentiment Dataset
1811.09386v1.pdf	Amazon Review Full
1808.09644v1.pdf	Amazon Review Full
2001.06286v1.pdf	DBRD
2006.08247v2.pdf	UCF101
1807.10418v3.pdf	ActivityNet-1.2
1703.03329v2.pdf	ActivityNet-1.2
1406.2199v2.pdf	HMDB51
1405.4506v1.pdf	HMDB51
1804.00413v1.pdf	HMDB51
1905.13209v4.pdf	Charades
1812.03982v3.pdf	Charades
1906.05910v2.pdf	Charades
1812.05038v2.pdf	Charades
1806.01810v2.pdf	Charades
1811.10636v2.pdf	Charades
1705.07750v3.pdf	Charades
1711.08496v2.pdf	Charades
1612.06371v2.pdf	Charades
1712.00636v2.pdf	Charades
1705.02953v1.pdf	Moments in Time
2007.05515v2.pdf	AViD
1906.05571v1.pdf	Kinetics-600
1904.01766v2.pdf	YouCook2
2003.13042v2.pdf	Kinetics-400
1905.00561v1.pdf	Kinetics-400
1904.02811v4.pdf	Kinetics-400
1905.12681v5.pdf	Kinetics-400
1908.07625v1.pdf	Kinetics-400
1810.01455v3.pdf	Kinetics-400
1904.11451v2.pdf	Kinetics-400
1908.00497v1.pdf	Kinetics-400
1906.04226v2.pdf	Kinetics-400
1908.02486v2.pdf	Kinetics-400
2001.09621v1.pdf	DBP15k zh-en
1909.09317v1.pdf	DBP15k zh-en
1908.08210v1.pdf	DBP15k zh-en
1908.09898v1.pdf	DBP15k zh-en
1911.08342v2.pdf	DBP15k zh-en
1808.07699v2.pdf	N3-Reuters-128
2001.03765v1.pdf	CoNLL-Aida
1804.08460v1.pdf	WebQSP-WD
1705.02494v3.pdf	AIDA-CoNLL
2003.10715v1.pdf	SoSciSoCi
1911.03353v1.pdf	SciERC
1409.3660v4.pdf	SciERC
1808.09602v1.pdf	SciERC
1904.00585v2.pdf	WetLab
1908.05760v1.pdf	LINNAEUS
1809.07950v2.pdf	BC5CDR
1909.02250v3.pdf	GENIA
2005.00436v1.pdf	GENIA
1810.01817v1.pdf	GENIA
1906.03783v1.pdf	GENIA
1810.01808v1.pdf	GENIA
1909.08504v1.pdf	Code-Switching English-Spanish NER
1910.11476v6.pdf	ACE 2005
1907.00464v1.pdf	ACE 2005
1906.08449v1.pdf	ACE 2005
1911.02257v2.pdf	Ontonotes v5 (English)
1909.10148v1.pdf	Ontonotes v5 (English)
1908.11046v3.pdf	Ontonotes v5 (English)
1806.03489v1.pdf	Ontonotes v5 (English)
1907.05611v2.pdf	Ontonotes v5 (English)
1702.02098v3.pdf	Ontonotes v5 (English)
1511.08308v5.pdf	Ontonotes v5 (English)
1906.02437v1.pdf	CoNLL 2003 (English)
1911.04474v3.pdf	CoNLL 2003 (English)
1907.08243v1.pdf	CoNLL 2003 (English)
1808.09075v1.pdf	CoNLL 2003 (English)
1804.07827v2.pdf	CoNLL 2003 (English)
1705.00108v1.pdf	CoNLL 2003 (English)
1810.13083.pdf	CoNLL 2003 (English)
1707.05127v1.pdf	CoNLL 2003 (English)
1603.01360v3.pdf	CoNLL 2003 (English)
1909.02164v5.pdf	TabFact
1608.05684v1.pdf	York Urban Dataset
1707.02427v2.pdf	York Urban Dataset
1604.02129v2.pdf	York Urban Dataset
1905.04132v2.pdf	Horizon Lines in the Wild
1907.10014v2.pdf	KITTI Horizon
1904.01949v2.pdf	Electrocardiography (ECG) on Telehealth Network of Minas Gerais (TNMG)
1908.06382v2.pdf	PIRM-test
1809.00219v2.pdf	PIRM-test
1609.04802v5.pdf	PIRM-test
1903.05784v3.pdf	KITTI 2015 - 4x upscaling
1906.12021v2.pdf	Urban100 - 8x upscaling
1904.05677v2.pdf	Urban100 - 8x upscaling
1906.06874v2.pdf	Urban100 - 8x upscaling
1910.04476v1.pdf	Urban100 - 8x upscaling
1903.10176v3.pdf	Set5 - 8x upscaling
1910.08761v1.pdf	FFHQ 1024 x 1024 - 4x upscaling
1707.02921v1.pdf	FFHQ 1024 x 1024 - 4x upscaling
1903.09814v2.pdf	FFHQ 1024 x 1024 - 4x upscaling
1612.07919v2.pdf	FFHQ 1024 x 1024 - 4x upscaling
1608.00367v1.pdf	FFHQ 1024 x 1024 - 4x upscaling
1501.00092v3.pdf	FFHQ 1024 x 1024 - 4x upscaling
1907.12904v2.pdf	Set5 - 4x upscaling
1811.11482v1.pdf	Set5 - 4x upscaling
1907.10399v1.pdf	Set5 - 4x upscaling
1907.04253v2.pdf	Set5 - 4x upscaling
1802.08797v2.pdf	Set5 - 4x upscaling
1803.02735v1.pdf	Set5 - 4x upscaling
1611.06345v4.pdf	Set5 - 4x upscaling
1909.11856v1.pdf	Set5 - 4x upscaling
1811.12546v1.pdf	Set5 - 4x upscaling
1803.08664v5.pdf	Set5 - 4x upscaling
1811.12043v2.pdf	Set5 - 4x upscaling
1904.08118v3.pdf	Set5 - 4x upscaling
1805.07071v2.pdf	Set5 - 4x upscaling
1712.06116v2.pdf	Set5 - 4x upscaling
1806.02919v2.pdf	Set5 - 4x upscaling
1801.10319v1.pdf	Set5 - 4x upscaling
1812.11950v1.pdf	Set5 - 4x upscaling
1803.09454v1.pdf	Set5 - 4x upscaling
1902.05694v2.pdf	Set5 - 4x upscaling
1708.02209v1.pdf	Set5 - 4x upscaling
1904.03377v2.pdf	Set5 - 4x upscaling
1511.04491v2.pdf	Set5 - 4x upscaling
1603.09056v2.pdf	Set5 - 4x upscaling
1606.08921v3.pdf	Set5 - 4x upscaling
1810.12575v1.pdf	Set5 - 4x upscaling
1608.03981v1.pdf	Set5 - 4x upscaling
1805.02704v1.pdf	Set5 - 4x upscaling
1712.06087v1.pdf	Set5 - 4x upscaling
1707.07128v1.pdf	Set5 - 4x upscaling
1511.02228v1.pdf	Set5 - 4x upscaling
1809.04789v2.pdf	Set5 - 4x upscaling
1910.08853v1.pdf	Set5 - 4x upscaling
1704.02738v1.pdf	Set5 - 4x upscaling
1704.03264v1.pdf	Set5 - 4x upscaling
1508.02848v2.pdf	Set5 - 4x upscaling
1609.05158v2.pdf	Set5 - 4x upscaling
1712.05248v1.pdf	Set5 - 4x upscaling
1708.09200v1.pdf	Set5 - 4x upscaling
1804.02815v1.pdf	Set5 - 4x upscaling
1709.03749v2.pdf	Set5 - 4x upscaling
1909.05305v1.pdf	Set5 - 4x upscaling
1603.08155v1.pdf	Set5 - 4x upscaling
1901.07261v3.pdf	Urban100 - 2x upscaling
1511.04587v2.pdf	Urban100 - 2x upscaling
1909.03573v1.pdf	BSD100 - 3x upscaling
1906.07078v1.pdf	VggFace2 - 8x upscaling
1804.04829v2.pdf	VggFace2 - 8x upscaling
1607.05046v1.pdf	VggFace2 - 8x upscaling
1804.02900v2.pdf	BSD100 - 4x upscaling
1704.03915v2.pdf	BSD100 - 4x upscaling
1903.00834v2.pdf	Sun80 - 4x upscaling
1909.09437v3.pdf	USR-248 - 4x upscaling
1902.03646v2.pdf	Polyvore
1907.00390v1.pdf	SNIPS
1812.09471v2.pdf	SNIPS
2001.04608v3.pdf	UCF101-24
1904.09288v1.pdf	UCF101-24
1703.10664v3.pdf	UCF101-24
1904.00696v3.pdf	UCF101-24
1803.06316v6.pdf	Charades
1712.01938v2.pdf	Charades
1507.05738v3.pdf	Multi-THUMOS
1712.03935v1.pdf	FNC-1
1707.03264v2.pdf	FNC-1
1804.07581v1.pdf	FNC-1
1905.12616v2.pdf	Grover-Mega
2006.00850v1.pdf	FigLang 2020 Twitter Dataset
1704.05579v4.pdf	SARC (pol-bal)
1805.06413v1.pdf	SARC (pol-bal)
1708.00524v2.pdf	SCv1
2006.08328v1.pdf	Ethos Binary
1812.06700v1.pdf	Automatic Misogynistic Identification
1712.01361v2.pdf	SBU
1712.04142v2.pdf	SBU
1712.02478v1.pdf	SBU
1709.09283v2.pdf	SBU
1811.09058v1.pdf	SCUT-CTW1500
1908.05900v2.pdf	SCUT-CTW1500
1904.01941v1.pdf	SCUT-CTW1500
1903.12473v2.pdf	SCUT-CTW1500
1806.02559v1.pdf	SCUT-CTW1500
1801.09969v1.pdf	SCUT-CTW1500
1807.01544v2.pdf	SCUT-CTW1500
1911.08947v2.pdf	SCUT-CTW1500
1903.11800v1.pdf	ICDAR 2017 MLT
1802.08948v2.pdf	ICDAR 2017 MLT
1912.09629v2.pdf	ICDAR 2017 MLT
1801.01671v2.pdf	ICDAR 2017 MLT
1910.07954v1.pdf	ICDAR 2017 MLT
1811.08605v1.pdf	ICDAR 2017 MLT
1909.00794v1.pdf	ICDAR 2017 MLT
1709.03272v4.pdf	MSRA-TD500
1801.01315v1.pdf	MSRA-TD500
1803.05265v1.pdf	MSRA-TD500
1703.06520v3.pdf	MSRA-TD500
1704.03155v2.pdf	MSRA-TD500
1911.07046v3.pdf	Total-Text
1904.12640v2.pdf	Total-Text
1812.01393v2.pdf	Total-Text
1807.02242v2.pdf	Total-Text
1710.10400v1.pdf	Total-Text
1804.02690v2.pdf	ICDAR 2015
1801.02765v3.pdf	ICDAR 2015
1709.00138v1.pdf	ICDAR 2015
1708.06720v1.pdf	ICDAR 2015
1604.04018v2.pdf	ICDAR 2015
1707.08831v1.pdf	ICDAR 2013
1604.06646v1.pdf	ICDAR 2013
1504.03522v1.pdf	ICDAR 2013
1412.1842v1.pdf	ICDAR 2013
1906.02371v3.pdf	IC19-ReCTs
1606.09002v2.pdf	COCO-Text
2005.05719v1.pdf	PyBullet HalfCheetah
1604.06778v3.pdf	Swimmer + Maze
2004.04136v3.pdf	Walker, walk (DMControl100k)
2004.13649v3.pdf	DeepMind Cheetah Run (Images)
1811.04551v5.pdf	DeepMind Cheetah Run (Images)
1709.00503v2.pdf	Cart Pole (OpenAI Gym)
1906.00139v2.pdf	 Osteoarthritis Initiative
1903.08811v1.pdf	 Osteoarthritis Initiative
2006.06666v1.pdf	COCO Captions
1905.04899v2.pdf	COCO
2002.11566v1.pdf	VATEX
1804.00819v1.pdf	YouCook2
2002.10638v2.pdf	Help, Anna! (HANNA)
1809.04474v1.pdf	Dmlab-30
1907.04957v3.pdf	Cooperative Vision-and-Dialogue Navigation
1811.10092v2.pdf	Room-to-Room
1711.07280v3.pdf	Room-to-Room
2007.09115v1.pdf	OTB-2015
1904.07094v3.pdf	TREC Robust04
1905.09217v1.pdf	TREC Robust04
1809.01682v2.pdf	TREC Robust04
1810.12936v1.pdf	TREC Robust04
1711.08611v1.pdf	TREC Robust04
1903.10972v1.pdf	TREC Robust04
1704.08803v2.pdf	TREC Robust04
2004.12331v1.pdf	20 Newsgroups
1906.12320v3.pdf	ShapeNet Car
2006.04604v2.pdf	ShapeNet Car
1504.05070v2.pdf	SUBJ
1806.05516v1.pdf	SUBJ
1602.03483v1.pdf	SUBJ
2005.05859v1.pdf	Food-101
2005.02960v2.pdf	NAS-Bench-201, ImageNet-16-120
1802.07191v3.pdf	NAS-Bench-201, ImageNet-16-120
2006.10355v2.pdf	NAS-Bench-201, ImageNet-16-120
1910.11858v2.pdf	NAS-Bench-201, ImageNet-16-120
1802.01548v7.pdf	NAS-Bench-201, ImageNet-16-120
2006.10724v1.pdf	NAS-Bench-201, ImageNet-16-120
1910.04465v2.pdf	NAS-Bench-201, ImageNet-16-120
2006.04647v1.pdf	NAS-Bench-201, ImageNet-16-120
1902.07638v3.pdf	NAS-Bench-201, ImageNet-16-120
2007.09380v3.pdf	NAS-Bench-201, ImageNet-16-120
1912.00195v2.pdf	CIFAR-10
2005.03566v2.pdf	CIFAR-10
1907.05737v4.pdf	CIFAR-10
1911.12126v4.pdf	CIFAR-10
1910.05733v3.pdf	CIFAR-10
1903.11059v2.pdf	CIFAR-10
2007.10396v1.pdf	ImageNet
2004.01961v1.pdf	ImageNet
2003.11236v1.pdf	ImageNet
1908.06022v5.pdf	ImageNet
2007.04785v1.pdf	ImageNet
2002.10389v2.pdf	ImageNet
1904.00420v4.pdf	ImageNet
1812.00332v2.pdf	ImageNet
1808.07233v5.pdf	CIFAR-10 Image Classification
1806.02639v1.pdf	CIFAR-10 Image Classification
1902.09701v2.pdf	CIFAR-10 Image Classification
1708.06519v1.pdf	CIFAR-10 Image Classification
1802.03997.pdf	Facebook Athletes
1901.06631v3.pdf	Amazon
1705.08415v6.pdf	Amazon
1906.04560.pdf	Cora
1711.07361v1.pdf	2010 i2b2/VA
2004.00945v2.pdf	HICO-DET
1912.12898v3.pdf	HICO-DET
2004.08154v2.pdf	HICO-DET
2007.08728v2.pdf	HICO-DET
1811.08264v4.pdf	HICO-DET
1808.10437v1.pdf	HICO-DET
1808.07962v1.pdf	HICO-DET
1704.07333v3.pdf	HICO-DET
1904.06539v5.pdf	HICO
1807.10889v1.pdf	HICO
1604.04808v2.pdf	HICO
1711.01467v3.pdf	HICO
1505.01197v3.pdf	HICO
2003.05541v1.pdf	V-COCO
1512.00843v3.pdf	CullPDB
2007.06225v2.pdf	CB513
1712.10136v1.pdf	Chalearn 2014
1901.06958v2.pdf	CapgMyo DB-a
1811.07081v2.pdf	ChaLearn 2013
1506.01911v3.pdf	Montalbano
1908.06926v1.pdf	ACE 2005
2008.01515v1.pdf	MIMIC-III
1905.10070v2.pdf	AAPD
1802.02311v2.pdf	MIMIC-III
1906.02192v1.pdf	EUR-Lex
1903.10146v1.pdf	Edge-to-Handbags
1706.02823v3.pdf	Edge-to-Handbags
1910.11328v1.pdf	Edge-to-Handbags
1704.06327v3.pdf	CUB Birds
1604.03628v3.pdf	CUB Birds
1901.07752v5.pdf	MNIST-test
1812.04287v1.pdf	MNIST-test
1208.5092v1.pdf	MNIST-test
1908.05968v6.pdf	MNIST-test
1810.04246v2.pdf	MNIST-test
1904.06925v3.pdf	CIFAR-10
1511.06434v2.pdf	CIFAR-10
1511.06335v2.pdf	CIFAR-10
1312.6114v10.pdf	CIFAR-10
1911.05371v3.pdf	ImageNet
1804.06498v3.pdf	Extended Yale-B
1905.00149v1.pdf	Extended Yale-B
1709.02508v1.pdf	Extended Yale-B
1507.01238v3.pdf	Extended Yale-B
1203.1005v3.pdf	Extended Yale-B
1909.11832.pdf	MNIST-full
1605.02633v1.pdf	MNIST-full
1703.07980v1.pdf	MNIST-full
1912.07872v2.pdf	NUS-WIDE
2003.13630v2.pdf	MS-COCO
1911.09243v1.pdf	MS-COCO
1912.11757v1.pdf	MS-COCO
1702.05891v2.pdf	MS-COCO
1912.13318v5.pdf	RVL-CDIP
2006.09141v1.pdf	RVL-CDIP
1801.09321v3.pdf	RVL-CDIP
1704.03557v1.pdf	RVL-CDIP
1708.03273v1.pdf	RVL-CDIP
1502.07058v1.pdf	RVL-CDIP
1908.08987v1.pdf	Noisy Bangla Numeral
1806.08037v1.pdf	Noisy Bangla Numeral
2008.06713v1.pdf	I-Haze
1911.07559v2.pdf	SOTS Indoor
1810.02862v2.pdf	SOTS Indoor
1812.07051v2.pdf	SOTS Indoor
1904.09059v2.pdf	O-Haze
1805.05308v1.pdf	O-Haze
1812.00467.pdf	O-Haze
1805.12355v2.pdf	SOTS Outdoor
2003.01643v2.pdf	ultracold fermions Technion system, pixelfly
1707.07045v2.pdf	CoNLL 2012
1908.09091v4.pdf	OntoNotes
1804.05392v1.pdf	OntoNotes
1609.08667v3.pdf	OntoNotes
1606.01323v2.pdf	OntoNotes
1604.03035v1.pdf	OntoNotes
1811.12817v3.pdf	ImageNet32
2003.13045v1.pdf	Sintel Clean unsupervised
2003.10955v2.pdf	KITTI 2012
1904.09117v1.pdf	KITTI 2012
1809.05571v1.pdf	KITTI 2012
1904.05290v1.pdf	KITTI 2012
1705.01352v1.pdf	Sintel-clean
1806.00800v1.pdf	Sintel-clean
2002.10770v2.pdf	Sintel-clean
1612.01925v1.pdf	Sintel-clean
1805.07036v1.pdf	Sintel-clean
1611.00850v2.pdf	Sintel-clean
1811.01602v1.pdf	Sintel-final
1604.03505v3.pdf	Pascal VOC 2007 count-test
1807.09856v1.pdf	Pascal VOC 2007 count-test
1903.02494v2.pdf	Pascal VOC 2007 count-test
1904.00853v3.pdf	CARPK
1707.05972v3.pdf	CARPK
1609.04453v1.pdf	CARPK
1708.02002v2.pdf	CARPK
1506.01497v3.pdf	CARPK
1612.08242v1.pdf	CARPK
1506.02640v5.pdf	CARPK
2005.04437v5.pdf	Apolloscape
1804.02142v1.pdf	Hopkins155
1509.02649v2.pdf	Hopkins155
1708.00111v2.pdf	Hopkins155
1904.03485v2.pdf	Darmstadt Noise Dataset
1807.04364v1.pdf	Darmstadt Noise Dataset
1807.04686v2.pdf	Darmstadt Noise Dataset
1705.09912v2.pdf	Darmstadt Noise Dataset
1710.04026v2.pdf	Darmstadt Noise Dataset
2001.01215v2.pdf	100 sleep nights of 8 caregivers
1611.01587v5.pdf	Penn Treebank
1905.08704v2.pdf	LDC2014T12:
1810.03541v1.pdf	LDC2014T12:
1805.01052v1.pdf	Penn Treebank
1707.03058v1.pdf	Penn Treebank
1611.05774v2.pdf	Penn Treebank
1412.7449v3.pdf	Penn Treebank
1602.07776v4.pdf	Penn Treebank
1905.10006v2.pdf	HOList benchmark
1904.03241v3.pdf	HOList benchmark
1905.10501v3.pdf	HOList benchmark
1608.02644v2.pdf	Metamath set.mm
1709.09994v1.pdf	HolStep (Unconditional)
1703.00426v1.pdf	HolStep (Unconditional)
1907.07794.pdf	CompCert
1911.06904v3.pdf	HolStep (Conditional)
1905.09381v1.pdf	CoqGym
1906.01210v1.pdf	Pubmed
1908.02441v1.pdf	Pubmed
1908.04003v1.pdf	Citeseer
1611.09571v4.pdf	2010 i2b2/VA
1805.03064v3.pdf	EYEDIAP (floating target)
1905.01941v2.pdf	MPII Gaze
2007.04973v1.pdf	CodeSearchNet
1812.01969v2.pdf	TvSum
1708.09545v2.pdf	TvSum
2004.08795v1.pdf	BBC XSum
2008.09676.pdf	WikiHow
2001.11314v3.pdf	GigaWord-10k
2001.04063v2.pdf	GigaWord
1912.08777v2.pdf	GigaWord
1905.03197v3.pdf	GigaWord
1905.02450v5.pdf	GigaWord
1711.04434v1.pdf	GigaWord
1910.08486v1.pdf	GigaWord
1602.06023v5.pdf	GigaWord
1907.13337v1.pdf	GigaWord
2004.06190v2.pdf	arXiv
1909.03186v2.pdf	arXiv
1804.05685v2.pdf	arXiv
1704.04368v2.pdf	arXiv
1904.07418v1.pdf	DUC 2004 Task 1
2004.12073v2.pdf	DUC 2004 Task 1
1509.00685v2.pdf	DUC 2004 Task 1
1808.00157v1.pdf	CIHP
1907.05193v2.pdf	PASCAL-Person-Part
1805.04310v1.pdf	PASCAL-Person-Part
1708.03383v1.pdf	PASCAL-Person-Part
1511.06881v5.pdf	PASCAL-Person-Part
1803.04988v1.pdf	GRID corpus (mixed-speech)
2003.03206v2.pdf	GRID corpus (mixed-speech)
1611.05358v2.pdf	GRID corpus (mixed-speech)
1611.01599v2.pdf	GRID corpus (mixed-speech)
1809.02108v2.pdf	LRS2
2001.01656v1.pdf	LRS2
1810.00108v1.pdf	LRS2
1911.12747v2.pdf	LRS2
1911.11502v1.pdf	LRS2
2003.05709v2.pdf	LRW-1000
2001.08702v1.pdf	LRW-1000
2003.06439v1.pdf	LRW-1000
2003.03983v1.pdf	LRW-1000
1810.06990v6.pdf	LRW-1000
1908.11618v2.pdf	LRW-1000
1908.04917v2.pdf	CMLR
2005.05592v2.pdf	Lip Reading in the Wild
2005.10903v1.pdf	Lip Reading in the Wild
1802.06424v2.pdf	Lip Reading in the Wild
1703.04105v4.pdf	Lip Reading in the Wild
1911.08265v2.pdf	Atari 2600 Fishing Derby
1706.10295v3.pdf	Atari 2600 Fishing Derby
1806.05635v1.pdf	Atari 2600 Fishing Derby
1911.02140v3.pdf	Atari 2600 Fishing Derby
1511.06581v3.pdf	Atari 2600 Fishing Derby
1602.07714v2.pdf	Atari 2600 Fishing Derby
1802.01561v3.pdf	Atari 2600 Fishing Derby
1803.00933v1.pdf	Atari 2600 Fishing Derby
1511.05952v4.pdf	Atari 2600 Fishing Derby
1710.10044v1.pdf	Atari 2600 Fishing Derby
1207.4708v2.pdf	Atari 2600 Fishing Derby
1806.06923v1.pdf	Atari 2600 Fishing Derby
1807.00442v4.pdf	Atari 2600 Fishing Derby
1512.04860v1.pdf	Atari 2600 Fishing Derby
1602.04621v3.pdf	Atari 2600 Fishing Derby
1602.01783v2.pdf	Atari 2600 Fishing Derby
1509.06461v3.pdf	Atari 2600 Fishing Derby
1707.06887v1.pdf	Atari 2600 Fishing Derby
1507.04296v2.pdf	Atari 2600 Fishing Derby
1806.01363v2.pdf	Atari 2600 Fishing Derby
1703.03864v2.pdf	Atari 2600 Fishing Derby
1806.05695v1.pdf	Atari 2600 Fishing Derby
1704.04651v2.pdf	Atari 2600 Breakout
1801.02852v2.pdf	Atari 2600 Breakout
1312.5602v1.pdf	Atari 2600 Breakout
1512.01693v1.pdf	Atari 2600 Breakout
1910.07207v2.pdf	Atari 2600 Breakout
1507.00814v3.pdf	Atari 2600 Q*Bert
1707.03497v2.pdf	Atari 2600 Q*Bert
1706.08090v1.pdf	Atari 2600 Q*Bert
2003.13350v1.pdf	Atari 2600 HERO
2004.12919v2.pdf	Atari 2600 Bowling
1806.07857v3.pdf	Atari 2600 Bowling
1611.04717v3.pdf	Atari 2600 Freeway
1703.01310v2.pdf	Atari 2600 Freeway
1808.04355v1.pdf	Atari 2600 Freeway
1606.01868v2.pdf	Atari 2600 Freeway
1807.11622v4.pdf	Atari 2600 Freeway
1901.10995v2.pdf	Atari 2600 Montezuma's Revenge
1810.12894v1.pdf	Atari 2600 Montezuma's Revenge
1811.01483v3.pdf	Atari 2600 Montezuma's Revenge
1909.11583v2.pdf	Atari-57
1710.02298v1.pdf	Atari-57
1905.08233v2.pdf	VoxCeleb2 - 1-shot learning
1912.06078v1.pdf	100 sleep nights of 8 caregivers
1911.00936v1.pdf	Netflix
1912.11160v1.pdf	Netflix
1905.03375v1.pdf	Netflix
1906.04281v2.pdf	Netflix
1802.05814v1.pdf	Netflix
1707.05176v3.pdf	Netflix
1902.06188v2.pdf	Netflix
1605.09477v1.pdf	MovieLens 1M
1706.02263v2.pdf	MovieLens 1M
1606.07659v3.pdf	MovieLens 1M
1511.06443v2.pdf	MovieLens 1M
1904.12058v3.pdf	MovieLens 1M
1803.02879v2.pdf	MovieLens 1M
1605.00937v2.pdf	MovieLens 1M
1808.09781v1.pdf	MovieLens 1M
1809.01703v3.pdf	MovieLens 1M
1708.05031.pdf	MovieLens 1M
1906.09506v1.pdf	MovieLens 1M
1902.06236v1.pdf	MovieLens 1M
1905.04413v3.pdf	Last.FM
1906.01637v1.pdf	Pinterest
1905.01395v1.pdf	MovieLens 10M
1704.06803v1.pdf	Douban Monti
1906.09217v1.pdf	Amazon-CDs
1902.09362v2.pdf	Douban
1903.10433v1.pdf	WeChat
1706.03205v1.pdf	WeChat
1408.1717v3.pdf	MovieLens 100K
1902.08009v1.pdf	Polyvore
1902.09757v1.pdf	Frappe
1806.04330v2.pdf	2017_test set
1911.07405v1.pdf	Quora Question Pairs
1704.04565v2.pdf	Quora Question Pairs
1808.03986v2.pdf	Visual Question Generation
2002.12804v1.pdf	SQuAD1.1
1909.01953v1.pdf	SQuAD1.1
1902.11049v2.pdf	SQuAD1.1
1704.01792v3.pdf	SQuAD1.1
1412.2306v2.pdf	COCO Visual Question Answering (VQA) real images 1.0 open ended
1512.03460v1.pdf	COCO Visual Question Answering (VQA) real images 1.0 open ended
1711.08996v1.pdf	NYU Hands
1708.03416v2.pdf	NYU Hands
1708.08325v1.pdf	NYU Hands
1702.02447v2.pdf	NYU Hands
1712.03917v2.pdf	HANDS 2017
2001.00702v2.pdf	HANDS 2019
2004.01804v1.pdf	ROxford (Medium)
1901.03546v1.pdf	street2shop - topwear
1903.00905v2.pdf	street2shop - topwear
1811.10907v2.pdf	Oxf5k
1612.06321v4.pdf	Oxf5k
1604.01325v2.pdf	Oxf5k
1604.02426v3.pdf	Oxf5k
1903.10663v4.pdf	CARS196
2004.01113v2.pdf	CARS196
1811.12649v2.pdf	CARS196
1706.07567v2.pdf	CARS196
1904.06627v3.pdf	CARS196
1904.04370v2.pdf	CARS196
1810.06951v1.pdf	CARS196
1912.06798v3.pdf	In-Shop
1804.00382v2.pdf	In-Shop
1511.05879v2.pdf	Oxf105k
1908.09943v1.pdf	DeepFashion
1902.00153v1.pdf	NUS-WIDE
2008.05231v1.pdf	Flickr30K 1K test
1909.05506v1.pdf	Flickr30K 1K test
1803.08024v2.pdf	Flickr30K 1K test
1712.02036v1.pdf	Flickr30K 1K test
1608.07973v3.pdf	Flickr30K 1K test
1611.05588v1.pdf	Flickr30K 1K test
1511.06078v2.pdf	Flickr30K 1K test
1504.06063v5.pdf	Flickr30K 1K test
1505.04870v4.pdf	Flickr30K 1K test
1902.05509v2.pdf	INRIA Holidays
1801.04815v1.pdf	SOP
1611.05720v2.pdf	SOP
1811.11683v2.pdf	Visual Genome
1812.06145v2.pdf	VIVA Hand Gestures Dataset
1901.04622v1.pdf	Cambridge
1303.6021v1.pdf	Cambridge
1804.07187v2.pdf	ChaLean test
1907.08871v1.pdf	SHREC 2017
1707.03692v1.pdf	MGB
1901.10323v3.pdf	EgoGesture
1907.09658v8.pdf	SHREC 2017 track on 3D Hand Gesture Recognition
1701.01814v1.pdf	ChaLearn val
1702.08652v3.pdf	ChaLearn val
1809.10324v2.pdf	CNN / Daily Mail
1903.10318v2.pdf	CNN / Daily Mail
1908.08345v2.pdf	CNN / Daily Mail
1912.00998v2.pdf	Kinetics
1906.00377v1.pdf	YouTube-8M
1609.08675v1.pdf	YouTube-8M
1605.08140v3.pdf	COIN
2008.06439v1.pdf	COCO 2014
2005.05708v1.pdf	WiderPerson
2003.07080v1.pdf	WiderPerson
1909.12118v1.pdf	WiderPerson
1805.09300v3.pdf	PASCAL VOC 2007
1711.06897v3.pdf	PASCAL VOC 2007
1902.04103v3.pdf	PASCAL VOC 2007
1708.02863v1.pdf	PASCAL VOC 2007
1903.11851v1.pdf	PASCAL VOC 2007
1406.4729v4.pdf	PASCAL VOC 2007
1512.02325v5.pdf	PASCAL VOC 2007
1708.02813v1.pdf	PASCAL VOC 2007
1605.06409v2.pdf	PASCAL VOC 2007
1604.03540v1.pdf	PASCAL VOC 2007
1906.11172v1.pdf	PASCAL VOC 2007
1903.11752v2.pdf	PASCAL VOC 2007
1703.10295v3.pdf	PASCAL VOC 2007
1907.09665v10.pdf	PASCAL VOC 2007
1906.03609v1.pdf	PASCAL VOC 2007
1704.03414v1.pdf	PASCAL VOC 2007
1809.08545v3.pdf	PASCAL VOC 2007
1504.08083v2.pdf	PASCAL VOC 2007
1604.04693v3.pdf	PASCAL VOC 2007
1711.04322v9.pdf	10-Monty-Hall
2007.02419v1.pdf	PASCAL Part 2010 - Animals
1909.13080v1.pdf	BDD100k
1910.04093v1.pdf	KITTI Cars Moderate
1812.04244v2.pdf	KITTI Cars Moderate
1812.05784v2.pdf	KITTI Cars Moderate
1712.02294v4.pdf	KITTI Cars Moderate
1610.08871v1.pdf	PeopleArt
1805.00123v1.pdf	CrowdHuman (full body)
1904.03629v1.pdf	CrowdHuman (full body)
1911.09070v7.pdf	COCO minival
1912.05027v3.pdf	COCO minival
1911.06667v6.pdf	COCO minival
1811.08883v1.pdf	COCO minival
1904.11492v1.pdf	COCO minival
1904.11490v2.pdf	COCO minival
1711.07971v3.pdf	COCO minival
1908.01259v2.pdf	COCO minival
2005.12872v3.pdf	COCO minival
1901.08043v3.pdf	COCO minival
1901.07518v2.pdf	COCO minival
1903.10520v2.pdf	COCO minival
1811.11168v2.pdf	COCO minival
1712.00726v1.pdf	COCO minival
1904.08900v1.pdf	COCO minival
1803.08494v3.pdf	COCO minival
1901.01892v2.pdf	COCO minival
1908.04156v3.pdf	COCO minival
1903.00621v1.pdf	COCO minival
1811.12030v1.pdf	COCO minival
1904.08189v3.pdf	COCO minival
1901.03353v1.pdf	COCO minival
1612.03144v2.pdf	COCO minival
1904.03797v2.pdf	COCO minival
1904.01355v5.pdf	COCO minival
1904.02701v1.pdf	COCO minival
1808.01244v2.pdf	COCO minival
1811.05181v1.pdf	COCO minival
1811.04533v3.pdf	COCO minival
1707.09700v2.pdf	Visual Genome
1511.07571v1.pdf	Visual Genome
2006.02334v1.pdf	COCO test-dev
1909.03625v1.pdf	COCO test-dev
1908.08681v3.pdf	COCO test-dev
2007.08508v1.pdf	COCO test-dev
2005.11475v1.pdf	COCO test-dev
2003.07540v1.pdf	COCO test-dev
1912.02424v4.pdf	COCO test-dev
2005.03101v1.pdf	COCO test-dev
2004.06002v2.pdf	COCO test-dev
2007.13816v1.pdf	COCO test-dev
2006.04388v1.pdf	COCO test-dev
1908.04646v2.pdf	COCO test-dev
1803.01534v4.pdf	COCO test-dev
2007.02355v3.pdf	COCO test-dev
2008.01167v2.pdf	COCO test-dev
1908.07801v1.pdf	COCO test-dev
1711.08189v2.pdf	COCO test-dev
2007.12099v3.pdf	COCO test-dev
1909.02466v2.pdf	COCO test-dev
1911.09516v2.pdf	COCO test-dev
2004.10934v1.pdf	COCO test-dev
1906.09756v1.pdf	COCO test-dev
1904.07850v2.pdf	COCO test-dev
1909.06720v2.pdf	COCO test-dev
1910.02940v2.pdf	COCO test-dev
1807.11590v1.pdf	COCO test-dev
1912.05070v1.pdf	COCO test-dev
2002.05712v2.pdf	COCO test-dev
1901.03278v2.pdf	COCO test-dev
1708.08169v1.pdf	COCO test-dev
1904.09925v4.pdf	COCO test-dev
2003.12125v1.pdf	COCO test-dev
1904.13300v3.pdf	COCO test-dev
1703.06211v3.pdf	COCO test-dev
1612.06851v2.pdf	COCO test-dev
1611.10012v3.pdf	COCO test-dev
1604.02135v2.pdf	COCO test-dev
1804.02767v1.pdf	COCO test-dev
1912.01106v2.pdf	COCO test-dev
1704.04861v1.pdf	COCO test-dev
1811.03818v1.pdf	KITTI Cars Easy
1904.12848v5.pdf	Amazon-2
1909.09389v1.pdf	Amazon-2
2006.01222v1.pdf	AffCon 2020 Emotion Detection
1901.06610v2.pdf	Yelp-5
1905.05583v3.pdf	Yelp-5
1504.01106v5.pdf	TREC-6
1902.08850v3.pdf	TREC-6
1606.01781v2.pdf	AG News
1805.07745v6.pdf	AG News
1909.01259.pdf	R8
1909.01259v2.pdf	R8
1806.02960v1.pdf	R8
1805.01890v2.pdf	IMDb
1504.01255v3.pdf	IMDb
1904.08398v3.pdf	IMDb
1908.10419v1.pdf	RCV1
1904.01962v2.pdf	Ohsumed
1912.00509v2.pdf	Ohsumed
1911.07918v1.pdf	20NEWS
1902.01831v2.pdf	300W
1908.01070v1.pdf	300W
1908.02116v3.pdf	300W
1803.04108v4.pdf	300W
1511.07212v1.pdf	300W
1707.06286v1.pdf	300W
1708.07517v2.pdf	300W
1807.00966v2.pdf	300-VW (C)
1810.03505v1.pdf	CINIC-10
2007.03347.pdf	EMNIST-Letters
2007.03347v1.pdf	EMNIST-Letters
1904.08095v1.pdf	EMNIST-Letters
1702.05373v2.pdf	EMNIST-Letters
1710.09829v2.pdf	EMNIST-Balanced
1911.10688v3.pdf	Imbalanced CUB-200-2011
2003.08237v4.pdf	ImageNet
1911.04252v4.pdf	ImageNet
1912.11370v3.pdf	ImageNet
1906.06423v3.pdf	ImageNet
2003.11342v1.pdf	ImageNet
2002.09024v1.pdf	ImageNet
1911.09665v2.pdf	ImageNet
1805.00932v1.pdf	ImageNet
1909.13719v2.pdf	ImageNet
2006.10702v1.pdf	ImageNet
1905.00546v1.pdf	ImageNet
1905.11946v3.pdf	ImageNet
1811.06965v5.pdf	ImageNet
2001.06268v2.pdf	ImageNet
1904.05049v3.pdf	ImageNet
1712.00559v3.pdf	ImageNet
1707.07012v4.pdf	ImageNet
2001.06570v1.pdf	ImageNet
1707.01629v2.pdf	ImageNet
1611.05431v2.pdf	ImageNet
2004.11362v1.pdf	ImageNet
1905.00397v2.pdf	ImageNet
1602.07261v2.pdf	ImageNet
1904.01569v2.pdf	ImageNet
1904.09460v1.pdf	ImageNet
1603.05027v3.pdf	ImageNet
2003.13678v1.pdf	ImageNet
1903.06586v2.pdf	ImageNet
1911.11929v1.pdf	ImageNet
1610.02357v3.pdf	ImageNet
1911.09737v2.pdf	ImageNet
1803.05407v3.pdf	ImageNet
1910.03151v4.pdf	ImageNet
1907.09595v3.pdf	ImageNet
1512.00567v3.pdf	ImageNet
1905.09646v2.pdf	ImageNet
1903.10829v1.pdf	ImageNet
1904.04971v2.pdf	ImageNet
1605.07146v4.pdf	ImageNet
1812.01187v2.pdf	ImageNet
1807.11626v3.pdf	ImageNet
1908.01314v4.pdf	ImageNet
1906.09607v3.pdf	ImageNet
1605.07648v4.pdf	ImageNet
1807.03247v2.pdf	ImageNet
1502.01852v1.pdf	ImageNet
1911.11907v2.pdf	ImageNet
1904.11491.pdf	ImageNet
1807.11164v1.pdf	ImageNet
1904.02877v1.pdf	ImageNet
1812.03443v3.pdf	ImageNet
1502.03167v3.pdf	ImageNet
1911.13299v2.pdf	ImageNet
1409.4842v1.pdf	ImageNet
1902.10814v1.pdf	ImageNet
1312.5402v1.pdf	ImageNet
1312.6229v4.pdf	ImageNet
1311.2901v3.pdf	ImageNet
1909.12117v2.pdf	ImageNet
1602.07360v4.pdf	ImageNet
2002.08335v2.pdf	QMNIST
2007.15161v1.pdf	iCassava'19
1707.06642v2.pdf	iNaturalist
1910.00701v5.pdf	Clothing1M
1711.07131v2.pdf	Clothing1M
1908.02160v2.pdf	Clothing1M
2003.06729v1.pdf	Clothing1M
1902.07379v6.pdf	Clothing1M
1903.07788v1.pdf	Clothing1M
1812.05214v2.pdf	Clothing1M
1905.11233v9.pdf	Clothing1M
1903.12141v8.pdf	Clothing1M
1805.08193v2.pdf	Clothing1M
1905.01436v1.pdf	Tiered ImageNet 5-way (5-shot)
1711.06025v2.pdf	Tiered ImageNet 5-way (5-shot)
1803.02999v3.pdf	Tiered ImageNet 5-way (5-shot)
1703.03400v3.pdf	Tiered ImageNet 5-way (5-shot)
1703.05175v2.pdf	Tiered ImageNet 5-way (5-shot)
1805.09501v3.pdf	CIFAR-100
1709.01507v4.pdf	CIFAR-100
2002.12047v2.pdf	CIFAR-100
1710.09412v2.pdf	CIFAR-100
1911.09265v1.pdf	CIFAR-100
1907.06916v2.pdf	CIFAR-100
1807.07320v2.pdf	CIFAR-100
1806.05236v7.pdf	CIFAR-100
1611.01260v2.pdf	CIFAR-100
1709.10282v1.pdf	CIFAR-100
1802.06205v1.pdf	CIFAR-100
1901.06656v2.pdf	CIFAR-100
1608.06037v7.pdf	CIFAR-100
1703.01041v2.pdf	CIFAR-100
1905.10671v2.pdf	CIFAR-100
1409.6070v1.pdf	CIFAR-100
1511.07289v5.pdf	CIFAR-100
1603.09382v3.pdf	CIFAR-100
1905.02249v2.pdf	CIFAR-100
1412.6071v4.pdf	CIFAR-100
1604.04112v4.pdf	CIFAR-100
2001.08856v1.pdf	CIFAR-100
1502.05700v2.pdf	CIFAR-100
1511.05635v1.pdf	CIFAR-100
1511.06422v7.pdf	CIFAR-100
1511.02583v1.pdf	CIFAR-100
1508.00330v2.pdf	CIFAR-100
1412.6830v3.pdf	CIFAR-100
1506.02351v8.pdf	CIFAR-100
1706.02003v2.pdf	CIFAR-100
1507.06228v2.pdf	CIFAR-100
1710.02286v1.pdf	CIFAR-100
1509.08985v2.pdf	CIFAR-100
1410.0736v4.pdf	CIFAR-100
1511.03719v7.pdf	CIFAR-100
1412.6806v3.pdf	CIFAR-100
1409.5185v2.pdf	CIFAR-100
1312.4400v3.pdf	CIFAR-100
1312.6116v2.pdf	CIFAR-100
1302.4389v4.pdf	CIFAR-100
1505.00853v2.pdf	CIFAR-100
1301.3557v1.pdf	CIFAR-100
1903.06236v1.pdf	CIFAR-100
1901.09321v2.pdf	CIFAR-10
2001.07627v1.pdf	CIFAR-10
1610.02915v4.pdf	CIFAR-10
1907.04840v2.pdf	CIFAR-10
1707.04873v2.pdf	CIFAR-10
1705.09792v4.pdf	CIFAR-10
1911.03584v2.pdf	CIFAR-10
1701.06264v6.pdf	CIFAR-10
1505.03229v1.pdf	CIFAR-10
1202.2745v1.pdf	CIFAR-10
1505.00393v3.pdf	CIFAR-10
1412.6597v4.pdf	CIFAR-10
1207.0580v1.pdf	CIFAR-10
1406.3332v2.pdf	CIFAR-10
1404.3606v2.pdf	CIFAR-10
1503.04596v3.pdf	CIFAR-10
1904.01681v3.pdf	CIFAR-10
2001.09136v4.pdf	MNIST
1412.7259v3.pdf	MNIST
1502.00702v2.pdf	MNIST
1908.03190v1.pdf	MNIST
1905.11528v3.pdf	MNIST
2003.12346v1.pdf	MNIST
1412.7149v4.pdf	MNIST
1603.08367v1.pdf	MNIST
1412.6572v3.pdf	MNIST
1511.06241v2.pdf	MNIST
1509.06569v2.pdf	MNIST
1708.00630v2.pdf	MNIST
1905.09688v5.pdf	MNIST
1911.12607v4.pdf	MNIST
1804.01508v10.pdf	MNIST
2004.02042v1.pdf	ObjectNet (Bounding Box)
1905.05393v1.pdf	SVHN
1708.04552v2.pdf	SVHN
1811.05850v5.pdf	SVHN
1709.07634v2.pdf	SVHN
1608.02908v2.pdf	SVHN
1312.6082v4.pdf	SVHN
1602.05473v4.pdf	SVHN
1406.5298v2.pdf	SVHN
1910.04867v2.pdf	VTAB-1k
1912.02783v2.pdf	VTAB-1k
2006.09042v1.pdf	Fashion-MNIST
1907.11519v1.pdf	Kuzushiji-MNIST
1905.09113v1.pdf	Kuzushiji-MNIST
1910.08336v1.pdf	Kuzushiji-MNIST
2001.04243v3.pdf	Kuzushiji-MNIST
1810.04327v4.pdf	Kuzushiji-MNIST
1812.01718v1.pdf	Kuzushiji-MNIST
1909.07075v1.pdf	Flowers-102
1904.10429v2.pdf	Tiny ImageNet Classification
1906.00910v2.pdf	STL-10
1910.11093v2.pdf	STL-10
1905.00135v1.pdf	STL-10
1807.06653.pdf	STL-10
1611.06430v1.pdf	STL-10
1406.5947v1.pdf	STL-10
1402.5766v1.pdf	STL-10
1905.11455v3.pdf	smallNORB
1908.07599v3.pdf	20 Newsgroups
1606.03976v5.pdf	IDHP
1906.03118v1.pdf	IDHP
1705.08821v2.pdf	IDHP
2007.02842v1.pdf	PeMS04
1912.07390v1.pdf	METR-LA
1906.00121v1.pdf	METR-LA
1903.05631v1.pdf	METR-LA
1707.01926v3.pdf	METR-LA
1709.04875v4.pdf	METR-LA
1903.00919v1.pdf	PeMS-M
2005.09409v2.pdf	ZeroSpeech 2019 English
2008.06856v2.pdf	CIFAR-100
2007.05566v1.pdf	CIFAR-100 vs CIFAR-10
1812.10464v2.pdf	BUCC German-to-English
1811.01136v2.pdf	BUCC German-to-English
1511.06709v4.pdf	BUCC German-to-English
1609.02907v4.pdf	Tox21 
1906.11081v1.pdf	Lipophilicity 
1901.01343v5.pdf	Lipophilicity 
1710.10903v3.pdf	Lipophilicity 
1803.03735v1.pdf	Lipophilicity 
1809.02693v1.pdf	Annotated Faces in the Wild
1708.05237v3.pdf	Annotated Faces in the Wild
1811.11662v1.pdf	Annotated Faces in the Wild
1603.01249v3.pdf	Annotated Faces in the Wild
1707.09531v2.pdf	Annotated Faces in the Wild
1708.05234v4.pdf	Annotated Faces in the Wild
1607.05477v1.pdf	Annotated Faces in the Wild
1408.1656v3.pdf	Annotated Faces in the Wild
1606.00850v3.pdf	Annotated Faces in the Wild
1905.00641v2.pdf	WIDER Face (Hard)
1905.01585v3.pdf	WIDER Face (Hard)
1803.07737v2.pdf	WIDER Face (Hard)
1810.10220v3.pdf	WIDER Face (Hard)
1802.02142v1.pdf	WIDER Face (Hard)
1709.05256v2.pdf	WIDER Face (Hard)
1906.06579v2.pdf	WIDER Face (Hard)
1612.04402v2.pdf	WIDER Face (Hard)
1607.07155v1.pdf	WIDER Face (Hard)
1904.10633v3.pdf	WIDER Face (Hard)
2002.11921v1.pdf	WIDER Face (Hard)
1606.05413v1.pdf	WIDER Face (Hard)
1604.02878v1.pdf	WIDER Face (Hard)
1701.01692v1.pdf	WIDER Face (Hard)
1511.06523v1.pdf	WIDER Face (Hard)
1407.4023v2.pdf	WIDER Face (Hard)
1911.03281v1.pdf	CK+
1503.03832v3.pdf	CK+
1704.08063v4.pdf	CK+
1412.1265v1.pdf	CK+
1903.10203v3.pdf	CASIA NIR-VIS 2.0
1809.01936v3.pdf	CASIA NIR-VIS 2.0
1708.02412v1.pdf	CASIA NIR-VIS 2.0
1910.04985v4.pdf	CFP-FP
1908.09124v3.pdf	CFP-FP
1907.05653v2.pdf	CFP-FP
1810.09951v1.pdf	IJB-B
1710.08092v2.pdf	IJB-B
1803.06524v2.pdf	YouTube Faces DB
1801.07698v3.pdf	YouTube Faces DB
1801.09414v2.pdf	YouTube Faces DB
1904.09658v4.pdf	YouTube Faces DB
1704.03373v1.pdf	YouTube Faces DB
1511.02683v4.pdf	YouTube Faces DB
1807.08512v4.pdf	YouTube Faces DB
1612.04904v1.pdf	YouTube Faces DB
1905.00292v2.pdf	Labeled Faces in the Wild
1502.00873v1.pdf	Labeled Faces in the Wild
1803.00130v1.pdf	Labeled Faces in the Wild
1910.06562v3.pdf	Labeled Faces in the Wild
1406.4773v1.pdf	Labeled Faces in the Wild
1609.03892v1.pdf	Labeled Faces in the Wild
1404.3840v3.pdf	Labeled Faces in the Wild
1804.03675v1.pdf	Labeled Faces in the Wild
1703.09507v3.pdf	IJB-A
1803.00839v1.pdf	IJB-A
1603.05474v4.pdf	IJB-A
1603.03958v3.pdf	IJB-A
1611.00851v1.pdf	IJB-A
1604.05417v3.pdf	IJB-A
1603.07057v2.pdf	IJB-A
1508.01722v2.pdf	IJB-A
1603.07388v1.pdf	IJB-A
1507.07242v2.pdf	IJB-A
1812.11317v1.pdf	MegaFace
1801.05599v4.pdf	Trillion Pairs Dataset
1809.00338v2.pdf	IJB-C
1807.09192v1.pdf	IJB-C
1809.05231v3.pdf	OASIS+ADIBE+ADHD200+MCIC+PPMI+HABS+HarvardGSP
1811.07490v3.pdf	Human3.6M
1712.00311v2.pdf	Human3.6M
2001.02408v3.pdf	Colored dSprites
2001.01328v5.pdf	CMU Mocap-2
1905.10994v2.pdf	CMU Mocap-2
1810.11160v1.pdf	LFW (Online Open Set)
1711.07011v4.pdf	Oulu-CASIA
1607.06997v2.pdf	Oulu-CASIA
1307.0414v1.pdf	FER2013
1612.02903v1.pdf	FER2013
1902.01019v1.pdf	FER2013
1807.11215v2.pdf	AffectNet
1902.08788v2.pdf	AffectNet
1804.10892v7.pdf	AffectNet
1905.04075v2.pdf	AffectNet
2001.06338v1.pdf	AffectNet
1708.03985v4.pdf	AffectNet
1509.05371v2.pdf	MMI
1505.04026v1.pdf	JAFFE
1805.04855v1.pdf	 Static Facial Expressions in the Wild
1610.02255v1.pdf	 Static Facial Expressions in the Wild
1701.01879v2.pdf	Cohn-Kanade
1808.05561v1.pdf	FERPlus
1608.01041v2.pdf	FERPlus
1907.00193v2.pdf	CK+
1609.06591v2.pdf	CK+
1710.03144v3.pdf	SFEW
2001.11003v2.pdf	AGENDA
2007.08426v1.pdf	AGENDA
1912.10011v1.pdf	Rotowire (Content Selection)
1809.00582v2.pdf	Rotowire (Content Selection)
1707.08052v1.pdf	Rotowire (Content Selection)
2004.06577v1.pdf	LDC2017T10
1909.00352v1.pdf	LDC2017T10
1910.12129v1.pdf	ViGGO
1911.03905v1.pdf	Cleaned E2E NLG Challenge
2005.10433v2.pdf	WebNLG Full
1908.09022v2.pdf	WebNLG Full
2004.15006v1.pdf	MULTIWOZ 2.1
2002.12328v1.pdf	MULTIWOZ 2.1
1905.12866v3.pdf	MULTIWOZ 2.1
2004.14373v2.pdf	ToTTo
2004.02077v1.pdf	Czech Restaurant NLG
1810.09995v1.pdf	SR11Deep
1904.01301v2.pdf	E2E NLG Challenge
1904.11838v4.pdf	E2E NLG Challenge
1805.06553v1.pdf	E2E NLG Challenge
1810.01170v1.pdf	E2E NLG Challenge
1904.03396v2.pdf	WebNLG
1702.06925v3.pdf	UNBC-McMaster ShoulderPain dataset
1806.01873v2.pdf	MemexQA
1704.08992v1.pdf	CUHK - Blur Detection Dataset
1712.01815v1.pdf	ELO Ratings
1910.01465v2.pdf	ParticleEnvs Cooperative Communication
2003.13661v1.pdf	MT50
1910.10897v1.pdf	MT50
2003.07305v1.pdf	MT50
1908.02111.pdf	SHREC15
1801.06761v2.pdf	SHREC15
1909.04538v1.pdf	2019_test set
1903.11410v2.pdf	LDC2015E86:
1904.08375v2.pdf	MS MARCO
1901.04085v5.pdf	MS MARCO
1903.07666v1.pdf	MS MARCO
2005.08607v1.pdf	Matterport3D
1908.08344v2.pdf	Matterport3D
1908.01238v1.pdf	KITTI Depth Completion
1902.05356v1.pdf	KITTI Depth Completion
1811.01791v2.pdf	KITTI Depth Completion
1808.08685v2.pdf	KITTI Depth Completion
1808.00769v2.pdf	KITTI Depth Completion
1905.08616v3.pdf	KITTI Depth Completion
1708.06500v2.pdf	KITTI Depth Completion
1908.06912v1.pdf	LUNA2016 FPRED
1903.09588v1.pdf	SemEval 2014 Task 4 Subtask 4
2004.08673v1.pdf	 SemEval 2015 Task 12
1912.07976v3.pdf	SemEval 2014 Task 4 Sub Task 2
1908.11860v2.pdf	SemEval 2014 Task 4 Sub Task 2
2001.11316v2.pdf	SemEval 2014 Task 4 Sub Task 2
1906.04501v1.pdf	SemEval 2014 Task 4 Sub Task 2
1904.02232v2.pdf	SemEval 2014 Task 4 Sub Task 2
1906.06906v1.pdf	SemEval 2014 Task 4 Sub Task 2
1906.01213v3.pdf	SemEval 2014 Task 4 Sub Task 2
1811.10999.pdf	SemEval 2014 Task 4 Sub Task 2
1805.01086v1.pdf	SemEval 2014 Task 4 Sub Task 2
1802.00892v1.pdf	SemEval 2014 Task 4 Sub Task 2
1810.10437v3.pdf	SemEval 2014 Task 4 Sub Task 2
1804.06536v1.pdf	SemEval 2014 Task 4 Sub Task 2
1605.08900v2.pdf	SemEval 2014 Task 4 Sub Task 2
1709.00893v1.pdf	SemEval 2014 Task 4 Sub Task 2
1806.04346v1.pdf	SemEval 2014 Task 4 Sub Task 2
1805.07043v1.pdf	SemEval 2014 Task 4 Sub Task 2
1512.01100v2.pdf	SemEval 2014 Task 4 Sub Task 2
1610.03771v1.pdf	Sentihood
1901.08971v3.pdf	FaceForensics
2004.12765v1.pdf	200k Short Texts for Humor Detection
1904.03603v1.pdf	Melbourne University Seizure Prediction
1811.00915v2.pdf	Melbourne University Seizure Prediction
1903.00614v1.pdf	custom
1806.02199v7.pdf	eICU Collaborative Research Database
1905.09717v5.pdf	CIFAR-100
2001.04850v1.pdf	CIFAR-10
2002.08258v3.pdf	ImageNet
2007.02491v2.pdf	ImageNet
1903.00241v1.pdf	COCO minival
1904.02689v2.pdf	COCO minival
1912.02801v2.pdf	Cityscapes test
1906.11109v2.pdf	Cityscapes test
1704.02386v1.pdf	Cityscapes test
1611.08303v2.pdf	Cityscapes test
1708.02551v1.pdf	Cityscapes test
2003.10152v1.pdf	COCO test-dev
2001.00309v3.pdf	COCO test-dev
1904.09730v1.pdf	COCO test-dev
1912.04488v3.pdf	COCO test-dev
1911.06667v1.pdf	COCO test-dev
1712.04837v1.pdf	COCO test-dev
1912.01954v2.pdf	COCO test-dev
1903.12174v2.pdf	COCO test-dev
1912.06218v1.pdf	COCO test-dev
1909.13226v4.pdf	COCO test-dev
1611.07709v2.pdf	COCO test-dev
1512.04412v1.pdf	COCO test-dev
1611.07727v3.pdf	Multi-Person PoseTrack
1811.11975v3.pdf	PoseTrack2017
1905.02822v1.pdf	PoseTrack2017
1712.09184v2.pdf	PoseTrack2017
1802.00977v2.pdf	PoseTrack2017
1710.10000v2.pdf	PoseTrack2017
1904.08452v3.pdf	SOFA
1711.09334v1.pdf	Freiburg Forest Dataset
1703.00848v6.pdf	Freiburg Forest Dataset
1611.02200v1.pdf	SVNH-to-MNIST
2003.04052v1.pdf	FSS-1000
1912.06290.pdf	FSS-1000
1907.12347v2.pdf	FSS-1000
2007.06309v1.pdf	Pascal5i
1902.06871.pdf	Google Street Images
2003.01663v1.pdf	York Urban Dataset
1812.02122.pdf	York Urban Dataset
2007.09493v1.pdf	York Urban Dataset
1905.03246v2.pdf	York Urban Dataset
1505.04868v1.pdf	DogCentric
1412.6505v2.pdf	DogCentric
1808.09419v1.pdf	Query Wellformedness
2006.04935v1.pdf	In-Shop
2003.08983v2.pdf	In-Shop
2003.13911v1.pdf	Stanford Online Products
1908.02735v1.pdf	CARS196
1909.05235v2.pdf	CARS196
1903.05503v2.pdf	CARS196
1610.08904v1.pdf	 CUB-200-2011
2004.12629v2.pdf	ICDAR2013
2001.01469v1.pdf	ICDAR2013
2004.11964v1.pdf	Q2Q Arabic Benchmark
1912.12514v1.pdf	Q2Q Arabic Benchmark
1806.04185v1.pdf	EBM-NLP
1902.03283v1.pdf	chords
2007.09952v1.pdf	ImageNet
2004.09576v1.pdf	ImageNet
1810.08393v2.pdf	HPatches
1709.02371v3.pdf	HPatches
1506.07656v2.pdf	HPatches
2003.07711v1.pdf	Composition-1K
1909.09725v2.pdf	Composition-1K
1908.00672v1.pdf	Composition-1K
2004.00626v2.pdf	Adobe Matting
1712.08786v1.pdf	ImageNet
1810.01367v3.pdf	Freyfaces
1904.04676v1.pdf	Freyfaces
1705.07057v4.pdf	UCI HEPMASS
2001.10331v3.pdf	SBD
1603.04042v1.pdf	SBD
1707.05251v2.pdf	AVA
1904.07750v2.pdf	AV-Bench - Violin Yanni
2006.13807v2.pdf	COVID-19 CXR Dataset
1912.01369v1.pdf	ChestX-ray14
1711.05225v3.pdf	ChestX-ray14
1911.03688v2.pdf	PolyAI AmazonQA
1904.06472v2.pdf	PolyAI AmazonQA
1908.04812v2.pdf	Ubuntu Dialogue (v1, Ranking)
2004.03588v2.pdf	Ubuntu Dialogue (v1, Ranking)
1901.02609v3.pdf	Ubuntu Dialogue (v1, Ranking)
1901.01824v2.pdf	Ubuntu Dialogue (v1, Ranking)
1909.10666v2.pdf	Ubuntu Dialogue (v1, Ranking)
1911.06940v1.pdf	Ubuntu Dialogue (v1, Ranking)
1908.09890v1.pdf	Ubuntu Dialogue (v1, Ranking)
1806.09102v2.pdf	Ubuntu Dialogue (v1, Ranking)
1612.01627v2.pdf	Ubuntu Dialogue (v1, Ranking)
1510.03753v2.pdf	Ubuntu Dialogue (v1, Ranking)
1506.08909v3.pdf	Ubuntu Dialogue (v1, Ranking)
1905.01969v4.pdf	DSTC7 Ubuntu
1812.00686v1.pdf	DSTC7 Ubuntu
1801.09555v1.pdf	LIDC-IDRI
1904.10126v1.pdf	LIDC-IDRI
1901.00120v2.pdf	LIDC-IDRI
2004.00588.pdf	ASLG-PC12
2007.06643v1.pdf	THUMOS’14
2006.07006v1.pdf	ActivityNet-1.2
1911.09963v1.pdf	ActivityNet-1.2
1905.08586v1.pdf	ActivityNet-1.3
1712.05080v2.pdf	ActivityNet-1.3
1704.04232v2.pdf	THUMOS 2014
1907.10471v1.pdf	KITTI Cars Hard
1912.13192v1.pdf	KITTI Cars Hard
1611.07759v3.pdf	KITTI Cars Easy val
1608.07916v1.pdf	KITTI Cyclist Moderate val
1906.10958v3.pdf	Epinions
1808.06354.pdf	Epinions
2003.09150v3.pdf	FGVC Aircraft
2005.05123v1.pdf	FGVC Aircraft
2002.10191v1.pdf	FGVC Aircraft
1912.06842v1.pdf	FGVC Aircraft
1910.12423.pdf	FGVC Aircraft
1911.07344v1.pdf	FGVC Aircraft
2003.03836v3.pdf	FGVC Aircraft
2004.02684v2.pdf	FGVC Aircraft
1901.09891v2.pdf	FGVC Aircraft
2002.04264v2.pdf	FGVC Aircraft
1909.04412v1.pdf	FGVC Aircraft
1909.11378v2.pdf	FGVC Aircraft
2006.13457v3.pdf	FGVC Aircraft
1611.09932v3.pdf	FGVC Aircraft
1712.01034v2.pdf	FGVC Aircraft
1809.00287v1.pdf	FGVC Aircraft
2001.04732v1.pdf	Con-Text
1506.08959v2.pdf	CompCars
1805.01033v1.pdf	Caltech-101
1801.09057v4.pdf	NABirds
1705.08016v3.pdf	NABirds
1811.07056v2.pdf	Stanford Cars
1806.05372v1.pdf	Stanford Cars
2007.02080v1.pdf	 CUB-200-2011
1903.02827v1.pdf	 CUB-200-2011
1806.06193v1.pdf	 CUB-200-2011
1808.04505v1.pdf	 CUB-200-2011
1903.06150v2.pdf	 CUB-200-2011
1512.08086v1.pdf	 CUB-200-2011
1407.3867v1.pdf	 CUB-200-2011
1604.03351v2.pdf	ModelNet10
1704.02901v3.pdf	ModelNet10
1812.10775v2.pdf	ModelNet40
1909.09287v2.pdf	ModelNet40
2004.06239v4.pdf	CMU Panoptic
1909.10854v1.pdf	MuPoTS-3D
1711.09724v1.pdf	WikiBio
1603.07771v3.pdf	WikiBio
1809.01797v2.pdf	Wikipedia Person and Animal Dataset
1912.01131v2.pdf	2019_test set
2003.03653v3.pdf	SemanticKITTI
2003.14032v2.pdf	SemanticKITTI
2004.01803v1.pdf	SemanticKITTI
2002.10893v3.pdf	SemanticKITTI
1912.05905v3.pdf	SemanticKITTI
1809.08495v1.pdf	SemanticKITTI
1710.07368v1.pdf	SemanticKITTI
1612.00593v2.pdf	SemanticKITTI
1905.12149v1.pdf	Sudoko 9x9
1901.06882v1.pdf	ICVL-4
2008.03462v1.pdf	Something-Something V1
1912.00381v2.pdf	Something-Something V1
2007.09033v2.pdf	Something-Something V1
2004.01278v1.pdf	Something-Something V1
1811.08383v3.pdf	Something-Something V1
1801.03150v3.pdf	Something-Something V1
1908.09995v1.pdf	Something-Something V1
1904.05582v4.pdf	Something-Something V1
1712.04851v2.pdf	Something-Something V1
1804.09066v2.pdf	Something-Something V1
1807.10037v2.pdf	Something-Something V1
1905.12462v1.pdf	Something-Something V1
1512.07155v1.pdf	ActivityNet
1803.08460v1.pdf	ActivityNet
1811.11524v2.pdf	THUMOS’14
1906.02182v1.pdf	THUMOS’14
1704.06228v2.pdf	THUMOS’14
1708.02349v1.pdf	THUMOS’14
2008.01232v2.pdf	HMDB-51
1908.10136v1.pdf	HMDB-51
1704.00389v4.pdf	HMDB-51
1807.09380v3.pdf	HMDB-51
1711.11152v2.pdf	HMDB-51
1904.03249v2.pdf	HMDB-51
2002.04685v1.pdf	HMDB-51
1703.10667v1.pdf	HMDB-51
1604.06573v2.pdf	HMDB-51
1604.04494v2.pdf	HMDB-51
1812.00722v2.pdf	HMDB-51
1901.09244v2.pdf	HMDB-51
1904.03597v1.pdf	HMDB-51
2003.04298.pdf	HMDB-51
1904.10117v1.pdf	Volleyball
1611.09078v1.pdf	Volleyball
1708.03805v1.pdf	Kinetics-400
2003.04298.pdf	UCF-101
1904.04289v2.pdf	miniSports
1812.02707v2.pdf	AVA v2.1
1807.10982v1.pdf	AVA v2.1
1812.05770v2.pdf	NTU RGB+D
1911.08670v2.pdf	NTU RGB+D
2002.12886v1.pdf	NTU RGB+D
1809.04983v1.pdf	NTU RGB+D
1802.07898v4.pdf	NTU RGB+D
1802.09232v2.pdf	NTU RGB+D
1907.13025v1.pdf	NTU RGB+D
1603.07120v2.pdf	NTU RGB+D
1912.09745v1.pdf	NTU RGB+D 120
2003.06156v2.pdf	NTU RGB+D 120
1909.05704v1.pdf	NTU RGB+D 120
1905.07853v1.pdf	Jester
1805.07550v1.pdf	Jester
1904.02422v4.pdf	Jester
1711.11248v3.pdf	Sports-1M
1503.08909v2.pdf	Sports-1M
1711.10305v1.pdf	Sports-1M
2004.03548v2.pdf	Something-Something V2
1906.11415v1.pdf	Something-Something V2
1706.04261v2.pdf	Something-Something V2
1909.05165v1.pdf	Something-Something V2
1807.11195v3.pdf	UCF101
1711.09577v2.pdf	UCF101
1809.03669v1.pdf	UCF101
1507.02159v1.pdf	UCF101
1212.0402v1.pdf	UCF101
1711.04436v1.pdf	WikiSQL
2004.03125v1.pdf	spider
2001.11542v1.pdf	CHiME-3
1903.03107v2.pdf	DEMAND
1904.07294v1.pdf	DEMAND
2006.12847v1.pdf	DEMAND
2002.12794v1.pdf	DEMAND
1910.10707.pdf	DEMAND
1911.04697.pdf	DEMAND
2006.05694v1.pdf	DEMAND
2005.11611.pdf	DEMAND
1910.07840.pdf	DEMAND
2004.04098v2.pdf	DEMAND
1811.11307v1.pdf	DEMAND
2006.07637v1.pdf	Librispeech
2005.07551.pdf	WHAMR!
2006.00687.pdf	WHAMR!
2008.00264.pdf	Deep Noise Suppression (DNS) Challenge
2001.10601.pdf	Deep Noise Suppression (DNS) Challenge
1906.05264v2.pdf	Bitcoin-Alpha
1712.05884v2.pdf	North American English
1609.03499v2.pdf	North American English
1703.10135v2.pdf	North American English
1812.04361v2.pdf	New York Times Corpus
1804.06987v1.pdf	New York Times Corpus
1808.06738v2.pdf	New York Times Corpus
1904.13107v2.pdf	NC1
1909.11855v8.pdf	REDDIT-MULTI-5k
1912.09893v2.pdf	REDDIT-MULTI-5k
2006.09430v1.pdf	ogbg-molhiv
1910.11436v1.pdf	Bench-hard
1904.01098v2.pdf	Web
1907.09495v2.pdf	HIV-fMRI-77 
1810.00826v3.pdf	HIV-fMRI-77 
1905.06393v1.pdf	IPC-lifted
1708.02218v4.pdf	RE-M5K
1905.04579v3.pdf	RE-M5K
1903.02428v3.pdf	REDDIT-B
1904.01543v2.pdf	REDDIT-B
1811.04393v1.pdf	PTC
1909.10086v3.pdf	PTC
1807.02653v1.pdf	PTC
1902.08399v1.pdf	PTC
2002.03283v1.pdf	PTC
1906.01277v2.pdf	PTC
1905.11136v4.pdf	PTC
1903.09022v3.pdf	PTC
1712.03563v1.pdf	PTC
1907.04652v1.pdf	PTC
1904.09671v1.pdf	PTC
1904.02278v1.pdf	PTC
1810.09155v2.pdf	PTC
1811.03508v2.pdf	PTC
1908.01000v3.pdf	PTC
1707.05005v1.pdf	PTC
1605.05273v4.pdf	PTC
1906.02319v1.pdf	PTC
1904.12189.pdf	NCI109
1606.01141v3.pdf	NCI109
1811.09595v1.pdf	NCI109
1911.05954v3.pdf	NCI109
1904.08082v4.pdf	NCI109
1911.07979v3.pdf	NCI109
1805.11921v3.pdf	IMDb-B
1810.02244v3.pdf	IMDb-B
1805.08090v4.pdf	IMDb-B
1805.09114v3.pdf	NCI1
1708.05207v3.pdf	NCI1
1904.12218v1.pdf	NCI1
1902.02721v4.pdf	NCI1
1909.03287v1.pdf	NCI1
1806.08804v4.pdf	REDDIT-MULTI-12K
1706.03358v3.pdf	NEURON-BINARY
1507.06217v3.pdf	NEURON-BINARY
1706.03472v1.pdf	NEURON-BINARY
1905.05178v1.pdf	COLLAB
1905.02850v3.pdf	COLLAB
2003.11702v1.pdf	ENZYMES
1904.08745v2.pdf	MUTAG
1905.06259v2.pdf	MUTAG
1904.05003v1.pdf	D&D
1603.06186v2.pdf	PROTEINS
1905.03046v1.pdf	PROTEINS
1905.10990v1.pdf	PROTEINS
1802.09127v1.pdf	Mushroom
1904.04195v1.pdf	Room2Room
1903.02547v2.pdf	Room2Room
1804.00823v4.pdf	WikiSQL
2007.09296v1.pdf	Coauthor Physics
2007.02133.pdf	Cora with Public Split: fixed 20 nodes per class
1911.01731v2.pdf	Cora with Public Split: fixed 20 nodes per class
1902.06667v4.pdf	Cora with Public Split: fixed 20 nodes per class
1910.12241v1.pdf	Cora with Public Split: fixed 20 nodes per class
1903.11960v4.pdf	Cora with Public Split: fixed 20 nodes per class
1909.11715v2.pdf	Cora with Public Split: fixed 20 nodes per class
1906.02174v3.pdf	Cora with Public Split: fixed 20 nodes per class
2008.09624v1.pdf	Cora with Public Split: fixed 20 nodes per class
1901.01484v2.pdf	Cora with Public Split: fixed 20 nodes per class
1511.02136v6.pdf	Cora with Public Split: fixed 20 nodes per class
1606.09375v3.pdf	Cora with Public Split: fixed 20 nodes per class
1706.02216v4.pdf	Cora with Public Split: fixed 20 nodes per class
1711.08267v1.pdf	Wikipedia
1704.03165v3.pdf	Wikipedia
1403.6652v2.pdf	Wikipedia
1607.00653v1.pdf	Wikipedia
1503.03578v1.pdf	Wikipedia
1703.06103v4.pdf	BGS
1907.10903v4.pdf	Reddit
1907.04931v4.pdf	Reddit
2004.11198v2.pdf	Reddit
1809.05343v3.pdf	Reddit
1801.10247v1.pdf	Reddit
2006.04131v2.pdf	Reddit
2006.09022v1.pdf	Pubmed
1711.08920v2.pdf	Pubmed
2002.06755v1.pdf	Pubmed
1906.12269v1.pdf	Pubmed
1910.10866v5.pdf	Pubmed
1909.05729v2.pdf	Pubmed
1908.07558v3.pdf	Pubmed
1905.00067v3.pdf	Pubmed
1907.02586v1.pdf	Pubmed
1911.05485v5.pdf	Pubmed
1908.05081v2.pdf	Pubmed
1810.05997v5.pdf	Pubmed
1904.11883v1.pdf	Pubmed
1909.03184v2.pdf	Pubmed
1904.09981v2.pdf	Pubmed
1808.03965v1.pdf	Pubmed
1802.08888v1.pdf	Pubmed
2001.07922v1.pdf	Pubmed
1802.08352v2.pdf	Pubmed
1803.10459v4.pdf	Pubmed
2001.05140v2.pdf	Pubmed
1911.04822v2.pdf	Pubmed
1909.03211v2.pdf	Pubmed
1603.08861v2.pdf	Pubmed
1809.10341v2.pdf	Pubmed
1905.07953.pdf	Pubmed
1912.08808v1.pdf	DBLP
1902.08226v2.pdf	NELL
1904.04849v2.pdf	Citeseer
1710.09599v2.pdf	Citeseer
1905.07953v2.pdf	Amazon2M
1801.07606v1.pdf	Flickr
1909.01315v2.pdf	Cora
1804.00099v2.pdf	Cora
1903.01888v3.pdf	CiteSeer (0.5%)
1803.07294v1.pdf	PPI
1806.03536v2.pdf	PPI
1806.02750v1.pdf	JIGSAWS
1606.06329v2.pdf	JIGSAWS
1911.11775v2.pdf	JSB Chorales
1809.04281v3.pdf	JSB Chorales
1803.06589v2.pdf	MIMIC-III
1803.05170v3.pdf	Dianping
1703.04247v1.pdf	Dianping
1611.00144v1.pdf	Dianping
1606.07792v1.pdf	Dianping
1803.03467v4.pdf	Bing News
1801.08284v2.pdf	Bing News
2002.06987v2.pdf	Criteo
2006.12753v2.pdf	Criteo
1905.06336v1.pdf	Criteo
1905.09433v1.pdf	Criteo
1910.05552v2.pdf	Criteo
1810.11921v2.pdf	Criteo
1904.04447v1.pdf	Criteo
2006.05312v1.pdf	Criteo
2003.11235v3.pdf	Criteo
2006.15939v1.pdf	Criteo
1601.02376v1.pdf	Criteo
1708.05123v1.pdf	Criteo
1904.12575v1.pdf	MovieLens 20M
1908.04032v2.pdf	MovieLens 20M
1706.06978v4.pdf	MovieLens 20M
1901.08907v1.pdf	MovieLens 1M
1906.04365v3.pdf	Company*
1911.04690v3.pdf	Avazu
1906.03776v2.pdf	Avito
2002.01145v2.pdf	Google Dataset
1604.03357v1.pdf	Google Dataset
1905.01566v1.pdf	Ontonotes v5 (English)
1903.02591v1.pdf	Ontonotes v5 (English)
1807.04905v1.pdf	Ontonotes v5 (English)
1911.11134v2.pdf	ImageNet
1909.00426v2.pdf	ACE2004
1704.04920v3.pdf	ACE2004
1601.01343v4.pdf	TAC2010
1904.09569v1.pdf	SOD
1904.08739v1.pdf	SBU
1611.04849v4.pdf	SBU
1708.06433v2.pdf	DUTS-TE
1704.03604v1.pdf	DUTS-TE
1708.02001v1.pdf	DUTS-TE
1603.01976v1.pdf	DUTS-TE
1710.06513v6.pdf	Human3.6M
1402.0030v2.pdf	200k Short Texts for Humor Detection
1904.01786v1.pdf	ShapeNet
2006.12250v2.pdf	Data3D−R2N2
1901.11153v2.pdf	Data3D−R2N2
1804.10975v1.pdf	Data3D−R2N2
1901.11461v1.pdf	Data3D−R2N2
1802.09987v3.pdf	Data3D−R2N2
1804.01654v2.pdf	Data3D−R2N2
1711.07566v1.pdf	Data3D−R2N2
1801.06519v2.pdf	CUBS (Fine-grained 6 Tasks)
1711.05769v2.pdf	CUBS (Fine-grained 6 Tasks)
1606.04671v3.pdf	CUBS (Fine-grained 6 Tasks)
1902.04980v1.pdf	A3Lab PASCAL CHiME
1906.02739v2.pdf	Pix3D S1
1811.07100v3.pdf	Mini-Imagenet 20-way (5-shot)
1707.09835v2.pdf	Mini-Imagenet 20-way (5-shot)
2006.03806v2.pdf	CIFAR-FS 5-way (5-shot)
1911.10807v3.pdf	CIFAR-FS 5-way (5-shot)
2006.09785v2.pdf	CIFAR-FS 5-way (5-shot)
2003.00804.pdf	CIFAR-FS 5-way (5-shot)
1907.12087v4.pdf	CIFAR-FS 5-way (5-shot)
1904.03758v2.pdf	CIFAR-FS 5-way (5-shot)
1903.12290v2.pdf	Stanford Dogs 5-way (1-shot)
1711.04043v3.pdf	Stanford Cars 5-way (1-shot)
1606.04080v2.pdf	Stanford Cars 5-way (1-shot)
1806.04734v3.pdf	CIFAR100 5-way (1-shot)
1603.00550v3.pdf	AWA - 0-Shot
1902.02527v1.pdf	OMNIGLOT - 1-Shot, 1000 way
1904.05967v1.pdf	AWA2 - 0-Shot
1312.5650v3.pdf	ImageNet - 0-Shot
1902.03356v3.pdf	OMNIGLOT - 1-Shot, 5-way
1909.11446.pdf	OMNIGLOT - 1-Shot, 5-way
1801.05558v3.pdf	OMNIGLOT - 1-Shot, 5-way
1909.04630v1.pdf	OMNIGLOT - 1-Shot, 5-way
1810.09502v3.pdf	OMNIGLOT - 1-Shot, 5-way
1904.02239v2.pdf	OMNIGLOT - 1-Shot, 5-way
1907.11864v2.pdf	OMNIGLOT - 1-Shot, 5-way
1712.09926v3.pdf	OMNIGLOT - 1-Shot, 5-way
1703.03129v1.pdf	OMNIGLOT - 1-Shot, 5-way
1606.02185v2.pdf	OMNIGLOT - 1-Shot, 5-way
1812.02391v3.pdf	FC100 5-way (5-shot)
1805.10123v4.pdf	FC100 5-way (5-shot)
2002.02050v3.pdf	Mini-ImageNet-CUB 5-way (5-shot)
2006.15486.pdf	Mini-ImageNet-CUB 5-way (5-shot)
1904.04232v2.pdf	Mini-ImageNet-CUB 5-way (5-shot)
1910.05199v3.pdf	Mini-ImageNet-CUB 5-way (5-shot)
1902.07104v3.pdf	Mini-Imagenet 5-way (10-shot)
1706.00326v2.pdf	Mini-Imagenet 5-way (10-shot)
1605.05395v1.pdf	CUB 200 50-way (0-shot)
1409.8403v2.pdf	CUB 200 50-way (0-shot)
2003.12060v1.pdf	Mini-ImageNet to CUB - 5 shot learning
1911.06045v2.pdf	Mini-Imagenet 5-way (5-shot)
2003.04151v2.pdf	Mini-Imagenet 5-way (5-shot)
2002.12017v2.pdf	Mini-Imagenet 5-way (5-shot)
1911.04623v2.pdf	Mini-Imagenet 5-way (5-shot)
1912.02738v4.pdf	Mini-Imagenet 5-way (5-shot)
1906.00562v2.pdf	Mini-Imagenet 5-way (5-shot)
1812.03664v5.pdf	Mini-Imagenet 5-way (5-shot)
1905.10295v6.pdf	Mini-Imagenet 5-way (5-shot)
1905.06549v2.pdf	Mini-Imagenet 5-way (5-shot)
1905.11641v2.pdf	Mini-Imagenet 5-way (5-shot)
1706.03466v3.pdf	Mini-Imagenet 5-way (5-shot)
1804.09458v1.pdf	Mini-Imagenet 5-way (5-shot)
2003.02455v2.pdf	Mini-Imagenet 5-way (5-shot)
1908.05257v1.pdf	mini-ImageNet - 100-Way
2001.09849v3.pdf	Mini-ImageNet - 1-Shot Learning
1911.10713v4.pdf	Mini-ImageNet - 1-Shot Learning
1906.01905v2.pdf	Mini-ImageNet - 1-Shot Learning
1903.11341v2.pdf	Mini-ImageNet - 1-Shot Learning
1806.02817v2.pdf	Mini-ImageNet - 1-Shot Learning
1912.03820v3.pdf	OMNIGLOT - 5-Shot, 20-way
1509.04767v2.pdf	CUB-200-2011 - 0-Shot
1905.05301v2.pdf	Mini-Imagenet 5-way (1-shot)
1908.06809v2.pdf	Yelp Review Dataset (Small)
1804.06437v1.pdf	Yelp Review Dataset (Small)
1711.06861v2.pdf	Yelp Review Dataset (Small)
1705.09655v2.pdf	Yelp Review Dataset (Small)
1804.04970v1.pdf	Set5
2005.10544v4.pdf	miniImagenet
2001.10692v1.pdf	SUN-RGBD
1907.03739v2.pdf	KITTI Pedestrian Hard val
2003.13867v1.pdf	ScanNetV2
2006.05682v3.pdf	ScanNetV2
1904.09664v2.pdf	ScanNetV2
1812.07003v3.pdf	ScanNetV2
1812.03320v1.pdf	ScanNetV2
2006.04043v1.pdf	KITTI Pedestrians Moderate
1912.12791v2.pdf	KITTI Pedestrians Moderate
1812.05276v1.pdf	KITTI Pedestrians Moderate
1903.01864v2.pdf	KITTI Pedestrians Moderate
2006.11275v1.pdf	nuScenes
1908.09492v1.pdf	nuScenes
1903.11027v5.pdf	nuScenes
1911.12236v1.pdf	KITTI Cars Easy
1803.00387v1.pdf	KITTI Cars Easy
1511.02300v2.pdf	SUN-RGBD val
1905.00526v2.pdf	nuScenes-F
2001.09346v2.pdf	UCI Epileptic Seizure Recognition
1911.03531v1.pdf	Tashkeela
1905.01965v1.pdf	Tashkeela
2003.13848v1.pdf	Py150
1612.04642v2.pdf	Rotated MNIST
2002.06644v1.pdf	Wiki Neutrality Corpus
2004.09456v1.pdf	StereoSet
2006.05849v1.pdf	STL-10
1611.08402v3.pdf	Cora
1410.2455v3.pdf	Reuters En-De
1709.08267v2.pdf	WOS-5736
1910.12551v2.pdf	Covers80
1911.00334v1.pdf	Covers80
1911.07056v1.pdf	BEST-2010
2004.03037v2.pdf	PCam
1711.07289v3.pdf	PCam
2002.08725v1.pdf	PCam
1602.07576v3.pdf	PCam
1806.03962v1.pdf	PCam
1612.09346v3.pdf	PCam
1806.01963v4.pdf	CRAG
1812.06499v5.pdf	Kumar
1903.05358v1.pdf	Kumar
1804.08145v2.pdf	Kumar
2005.08209v1.pdf	LRW
2006.01432v1.pdf	Extended XQuAD
1906.01195.pdf	WN18RR
2002.08645v1.pdf	Credit-g
1803.07835v1.pdf	AFLW2000-3D
1709.01442v1.pdf	AFLW2000-3D
1703.07834v2.pdf	Florence
1806.06098v1.pdf	Florence
1701.05360v1.pdf	Florence
1911.10720v3.pdf	HCI
2006.15864v1.pdf	HCI
1902.01378v2.pdf	Obstacle Tower (No Gen) fixed
2005.06194v1.pdf	Google 5 qubit random Hamiltonian
1904.04346v2.pdf	MTL-AQA
1812.06367v2.pdf	AQA-7
2007.01971v3.pdf	Human3.6M
1912.10150.pdf	Human3.6M
1711.08682.pdf	Human3.6M
2006.01320v4.pdf	RHP
1801.07829v2.pdf	ModelNet40
1406.5670v3.pdf	ModelNet40
1802.05384v3.pdf	Pix3D
1804.04610v1.pdf	Pix3D
2007.09824v1.pdf	DocUNet
2004.13513v2.pdf	CIFAR-100 - 50 classes + 10 steps of 5 classes
1905.13260v1.pdf	CIFAR-100 - 50 classes + 10 steps of 5 classes
1611.07725v2.pdf	CIFAR-100 - 50 classes + 10 steps of 5 classes
2007.12881.pdf	CAMO
1912.01001v3.pdf	MPI-INF-3DHP
1709.03409v2.pdf	Shoes
1705.09888v1.pdf	Chairs
1904.00607v2.pdf	DAVIS 2017 (test-dev)
1807.09190v2.pdf	DAVIS 2017 (test-dev)
1904.08141v1.pdf	DAVIS 2017 (test-dev)
1803.09453v1.pdf	DAVIS 2017 (test-dev)
1703.09554v5.pdf	DAVIS 2017 (test-dev)
1902.09513v2.pdf	DAVIS 2017 (test-dev)
1709.06031v2.pdf	DAVIS 2017 (test-dev)
1908.06647v4.pdf	DAVIS 2017 (test-dev)
1911.12836v2.pdf	DAVIS 2017 (test-dev)
1706.09364v2.pdf	DAVIS 2017 (test-dev)
1811.11611v2.pdf	DAVIS 2017 (test-dev)
1910.00132v1.pdf	DAVIS 2017 (test-dev)
1611.05198v4.pdf	DAVIS 2017 (test-dev)
1903.05612v2.pdf	DAVIS 2017 (test-dev)
1806.02323v1.pdf	DAVIS 2017 (test-dev)
1812.05050v2.pdf	DAVIS 2017 (test-dev)
1802.01218v1.pdf	DAVIS 2017 (test-dev)
1809.00461v1.pdf	YouTube-VOS
1904.02363v1.pdf	DAVIS 2016
2002.03651v4.pdf	DAVIS 2016
1907.08895v1.pdf	DAVIS 2016
1612.02646v1.pdf	DAVIS 2016
1804.03131v1.pdf	DAVIS 2016
1709.06750v1.pdf	DAVIS 2016
1612.05478v3.pdf	DAVIS 2016
1708.05137v1.pdf	DAVIS 2016
2003.05020v1.pdf	DAVIS 2016
1907.02731v5.pdf	DAVIS 2016
1907.01203v2.pdf	DAVIS 2017 (val)
1803.08006v3.pdf	DAVIS 2017 (val)
1911.04231v2.pdf	YCB-Video
1901.04780v1.pdf	YCB-Video
1711.00199v3.pdf	YCB-Video
1910.10750v1.pdf	NOCS-REAL275
1907.06571v2.pdf	Kinetics-600 12 frames, 128x128
1912.08860v1.pdf	UCF-101 16 frames, Unconditional, Single GPU
1811.09245v2.pdf	UCF-101 16 frames, Unconditional, Single GPU
1707.04993v2.pdf	UCF-101 16 frames, Unconditional, Single GPU
1909.12400v1.pdf	UCF-101 16 frames, Unconditional, Single GPU
1611.06624v3.pdf	UCF-101 16 frames, Unconditional, Single GPU
1609.02612v3.pdf	UCF-101 16 frames, Unconditional, Single GPU
